{
  "config": {
    "seed": 13,
    "ensemble_w": 0.5,
    "lambda_prior": 0.0,
    "correction_weight": 0.0,
    "loss": "focal_bce",
    "focal_alpha": 0.25,
    "focal_gamma": 2.0,
    "label_smoothing": 0.03,
    "mask_secondary": false,
    "tta": "window_roll",
    "tta_shifts": [
      0,
      1,
      -1,
      2,
      -2
    ],
    "tta_shifts_secs": [
      0.0,
      1.25,
      -1.25,
      2.5,
      -2.5
    ],
    "smoothing": "gaussian",
    "smoothing_alpha": 0.2,
    "use_boost": true,
    "boost_threshold": 0.5,
    "boost_lift": 0.25,
    "file_conf_top_k": 2,
    "file_conf_power": 0.4,
    "rank_power": 0.4,
    "threshold_grid": [
      0.5
    ],
    "proto_n_epochs": 80,
    "proto_lr": 0.0008,
    "proto_patience": 20,
    "proto_pos_weight_cap": 25.0,
    "proto_distill_weight": 0.15,
    "proto_swa_start_frac": 0.65,
    "proto_swa_lr": 0.0004,
    "residual_n_epochs": 40,
    "residual_lr": 0.0008,
    "residual_patience": 12,
    "residual_d_model": 128,
    "residual_d_state": 16,
    "residual_dropout": 0.1,
    "mlp_pca_dim": 128,
    "mlp_alpha_blend": 0.4,
    "mlp_min_pos": 5,
    "n_sites_cap": 20,
    "name": "pca128_s13"
  },
  "config_hash": "5e7f680420",
  "result": {
    "metrics": {
      "global": {
        "macro_auc": 0.8864235208582325,
        "rare_auc": NaN,
        "frequent_auc": 0.8904127867882667,
        "per_site_auc": {
          "S03": 0.9045454545454545,
          "S08": NaN,
          "S13": NaN,
          "S15": NaN,
          "S18": 0.6969696969696969,
          "S19": 0.5171325360245814,
          "S22": 0.9032528134270674,
          "S23": NaN
        },
        "site_auc_std": 0.16147003063738494,
        "per_hour_auc": {
          "0-5": 0.8987576239988652,
          "18-23": 0.8864148107668852,
          "6-11": 0.6760920961556798
        },
        "first_pass_auc": 0.8809541509811554
      },
      "per_fold": {
        "0": {
          "final": {
            "macro_auc": 0.8390355820798234,
            "rare_auc": NaN,
            "frequent_auc": 0.8390355820798234,
            "per_site_auc": {
              "S22": 0.8390355820798234
            },
            "site_auc_std": 0.0,
            "per_hour_auc": {
              "0-5": 0.877043912215064,
              "18-23": 0.7927108266553674
            },
            "first_pass_auc": 0.8161825676914259
          },
          "first_pass": {
            "macro_auc": 0.8161825676914259,
            "rare_auc": NaN,
            "frequent_auc": 0.8161825676914259,
            "per_site_auc": {
              "S22": 0.8161825676914259
            },
            "site_auc_std": 0.0,
            "per_hour_auc": {
              "0-5": 0.9020730311355312,
              "18-23": 0.7748517534086368
            }
          }
        },
        "1": {
          "final": {
            "macro_auc": 0.9392935399231084,
            "rare_auc": NaN,
            "frequent_auc": 0.9306729917876269,
            "per_site_auc": {
              "S18": 0.6969696969696969,
              "S22": 0.9254163689432319
            },
            "site_auc_std": 0.11422333598676748,
            "per_hour_auc": {
              "0-5": NaN,
              "18-23": 0.9281532644429485
            },
            "first_pass_auc": 0.918970812335716
          },
          "first_pass": {
            "macro_auc": 0.918970812335716,
            "rare_auc": NaN,
            "frequent_auc": 0.9065047834642876,
            "per_site_auc": {
              "S18": 0.6969696969696969,
              "S22": 0.8990164188837838
            },
            "site_auc_std": 0.10102336095704345,
            "per_hour_auc": {
              "0-5": NaN,
              "18-23": 0.9378927028052969
            }
          }
        },
        "2": {
          "final": {
            "macro_auc": 0.8636882955468707,
            "rare_auc": NaN,
            "frequent_auc": 0.8492763317837833,
            "per_site_auc": {
              "S19": 0.5171325360245814,
              "S22": 0.8943573441276558
            },
            "site_auc_std": 0.18861240405153717,
            "per_hour_auc": {
              "0-5": 0.8790814968653131,
              "18-23": 0.8081283942399603
            },
            "first_pass_auc": 0.822305309147391
          },
          "first_pass": {
            "macro_auc": 0.822305309147391,
            "rare_auc": NaN,
            "frequent_auc": 0.7993907327157849,
            "per_site_auc": {
              "S19": 0.5434035308323456,
              "S22": 0.888694547962491
            },
            "site_auc_std": 0.17264550856507271,
            "per_hour_auc": {
              "0-5": 0.8802422384691696,
              "18-23": 0.7661679740159336
            }
          }
        },
        "3": {
          "final": {
            "macro_auc": 0.8733294775459924,
            "rare_auc": NaN,
            "frequent_auc": 0.849253817542802,
            "per_site_auc": {
              "S13": NaN,
              "S22": 0.8257830443544251,
              "S23": NaN
            },
            "site_auc_std": 0.0,
            "per_hour_auc": {
              "0-5": 0.8488820127212012,
              "18-23": NaN
            },
            "first_pass_auc": 0.8678394459510038
          },
          "first_pass": {
            "macro_auc": 0.8678394459510038,
            "rare_auc": NaN,
            "frequent_auc": 0.8472179789726819,
            "per_site_auc": {
              "S13": NaN,
              "S22": 0.8107038615911759,
              "S23": NaN
            },
            "site_auc_std": 0.0,
            "per_hour_auc": {
              "0-5": 0.8592349705789248,
              "18-23": NaN
            }
          }
        },
        "4": {
          "final": {
            "macro_auc": 0.6792164378411466,
            "rare_auc": NaN,
            "frequent_auc": 0.6460083225353825,
            "per_site_auc": {
              "S03": 0.9045454545454545,
              "S08": NaN,
              "S15": NaN,
              "S22": NaN
            },
            "site_auc_std": 0.0,
            "per_hour_auc": {
              "0-5": NaN,
              "18-23": 0.7749775189986058,
              "6-11": 0.6760920961556798
            },
            "first_pass_auc": 0.6812570574959589
          },
          "first_pass": {
            "macro_auc": 0.6812570574959589,
            "rare_auc": NaN,
            "frequent_auc": 0.6407051144553818,
            "per_site_auc": {
              "S03": 0.95,
              "S08": NaN,
              "S15": NaN,
              "S22": NaN
            },
            "site_auc_std": 0.0,
            "per_hour_auc": {
              "0-5": NaN,
              "18-23": 0.7497809254172328,
              "6-11": 0.6939054429600909
            }
          }
        }
      },
      "v_anchor": {
        "macro_auc": 0.8261480217887133,
        "rare_auc": NaN,
        "frequent_auc": 0.8576542686906503,
        "per_site_auc": {
          "S03": NaN,
          "S08": 0.8006397760783726,
          "S13": NaN,
          "S15": NaN,
          "S19": NaN,
          "S22": 0.904740729274359,
          "S23": NaN
        },
        "site_auc_std": 0.05205047659799322,
        "per_hour_auc": {
          "0-5": 0.7651379463191935,
          "18-23": 0.8641406154226197,
          "6-11": 0.6935256463879652
        },
        "first_pass_auc": 0.8206601053881606
      },
      "global_first_pass": {
        "macro_auc": 0.8809541509811554,
        "rare_auc": NaN,
        "frequent_auc": 0.8767268167602602,
        "per_site_auc": {
          "S03": 0.95,
          "S08": NaN,
          "S13": NaN,
          "S15": NaN,
          "S18": 0.6969696969696969,
          "S19": 0.5434035308323456,
          "S22": 0.892194795947742,
          "S23": NaN
        },
        "site_auc_std": 0.16125236778894214,
        "per_hour_auc": {
          "0-5": 0.8916700573586899,
          "18-23": 0.8657973382726406,
          "6-11": 0.6939054429600909
        }
      },