{
  "final": {
    "fold_val": {
      "macro_auc": 0.9206966705133537,
      "site_auc_std": 0.0,
      "rare_auc": NaN,
      "frequent_auc": NaN,
      "n_files": 9,
      "n_windows": 108
    },
    "v_anchor": {
      "macro_auc": 0.8545116871257078,
      "site_auc_std": 0.08894591350947512,
      "rare_auc": NaN,
      "frequent_auc": NaN,
      "n_files": 13,
      "n_windows": 156
    }
  },
  "best_primary": 0.8077370814835068,
  "runtime_min": 109.46004266738892
}