{
  "primary": 0.5351923215230678,
  "mean_oof_auc": 0.5351923215230678,
  "macro_auc": 0.43963349160105863,
  "calibration_drift": 0.0955588299220092,
  "site_auc_std": 0.12203778919571784,
  "rare_auc": NaN,
  "frequent_auc": NaN,
  "per_fold": {
    "0": {
      "macro_auc": 0.47449344049947484,
      "per_site_auc": {
        "S08": NaN,
        "S18": 0.3966329966329966,
        "S22": 0.45368338426081645
      },
      "site_auc_std": 0.028525193813909916,
      "per_hour_auc": {
        "0-5": 0.48422846741049125,
        "18-23": 0.5410675460777363,
        "6-11": NaN
      }
    },
    "1": {
      "macro_auc": 0.509127104125811,
      "per_site_auc": {
        "S03": NaN,
        "S08": NaN,
        "S15": NaN,
        "S19": 0.6050579624375001,
        "S22": 0.5703515693326394,
        "S23": NaN
      },
      "site_auc_std": 0.01735319655243034,
      "per_hour_auc": {
        "0-5": 0.47830504374265104,
        "18-23": 0.5613034750174871,
        "6-11": 0.5688446689611287
      }
    },
    "2": {
      "macro_auc": 0.60713036049234,
      "per_site_auc": {
        "S03": 0.7045454545454546,
        "S13": 0.5139081790123458,
        "S22": 0.6206600754787485,
        "S23": NaN
      },
      "site_auc_std": 0.07801374169766147,
      "per_hour_auc": {
        "0-5": 0.6444974189445849,
        "18-23": 0.615011103779451
      }
    },
    "3": {
      "macro_auc": 0.4748214512948805,
      "per_site_auc": {
        "S08": NaN,
        "S15": NaN,
        "S19": NaN,
        "S22": 0.5006615099332952,
        "S23": NaN
      },
      "site_auc_std": 0.0,
      "per_hour_auc": {
        "0-5": 0.48734472875995877,
        "18-23": 0.5060067710740005,
        "6-11": 0.5155478316439711
      }
    },
    "4": {
      "macro_auc": 0.6103892512028335,
      "per_site_auc": {
        "S08": NaN,
        "S15": NaN,
        "S22": 0.45153136876782546
      },
      "site_auc_std": 0.0,
      "per_hour_auc": {
        "0-5": 0.5978745138506293,
        "18-23": 0.4405084390233714,
        "6-11": NaN
      }
    }
  },
  "stitched_full": {
    "macro_auc": 0.43963349160105863,
    "per_site_auc": {
      "S03": 0.18262987012987014,
      "S08": 0.398636032073144,
      "S13": 0.5139081790123458,
      "S15": NaN,
      "S18": 0.3966329966329966,
      "S19": 0.5363640739607122,
      "S22": 0.5188677076546011,
      "S23": NaN
    },
    "site_auc_std": 0.12203778919571784,
    "per_hour_auc": {
      "0-5": 0.4631866951000961,
      "18-23": 0.49627541405390163,
      "6-11": 0.40506691505394093
    }
  },
  "n_folds_seen": 5,
  "n_splits": 5
}