{
  "config": {
    "seed": 42,
    "ensemble_w": 0.5,
    "lambda_prior": 0.0,
    "correction_weight": 0.0,
    "loss": "focal_bce",
    "focal_alpha": 0.25,
    "focal_gamma": 2.0,
    "label_smoothing": 0.03,
    "mask_secondary": false,
    "tta": "window_roll",
    "tta_shifts": [
      0,
      1,
      -1,
      2,
      -2
    ],
    "tta_shifts_secs": [
      0.0,
      1.25,
      -1.25,
      2.5,
      -2.5
    ],
    "smoothing": "gaussian",
    "smoothing_alpha": 0.2,
    "use_boost": true,
    "boost_threshold": 0.5,
    "boost_lift": 0.25,
    "file_conf_top_k": 2,
    "file_conf_power": 0.4,
    "rank_power": 0.4,
    "threshold_grid": [
      0.5
    ],
    "proto_n_epochs": 80,
    "proto_lr": 0.0008,
    "proto_patience": 20,
    "proto_pos_weight_cap": 25.0,
    "proto_distill_weight": 0.15,
    "proto_swa_start_frac": 0.65,
    "proto_swa_lr": 0.0004,
    "residual_n_epochs": 40,
    "residual_lr": 0.0008,
    "residual_patience": 12,
    "residual_d_model": 128,
    "residual_d_state": 16,
    "residual_dropout": 0.1,
    "mlp_pca_dim": 128,
    "mlp_alpha_blend": 0.4,
    "mlp_min_pos": 5,
    "n_sites_cap": 20,
    "name": "baseline"
  },
  "config_hash": "7afcdc9d54",
  "result": {
    "metrics": {
      "global": {
        "macro_auc": 0.8843581364290856,
        "rare_auc": NaN,
        "frequent_auc": 0.8830517596125648,
        "per_site_auc": {
          "S03": 0.7082792207792208,
          "S08": 0.6076132095696982,
          "S13": 0.8039641203703703,
          "S15": NaN,
          "S18": 0.787878787878788,
          "S19": 0.6331256165429241,
          "S22": 0.8913870773002126,
          "S23": NaN
        },
        "site_auc_std": 0.09937003459373944,
        "per_hour_auc": {
          "0-5": 0.8864124394048487,
          "18-23": 0.8404516862715746,
          "6-11": 0.7918580402089236
        },
        "first_pass_auc": 0.8807621302920655
      },
      "per_fold": {
        "0": {
          "final": {
            "macro_auc": 0.9217449428061344,
            "rare_auc": NaN,
            "frequent_auc": 0.9178321899464411,
            "per_site_auc": {
              "S08": NaN,
              "S18": 0.787878787878788,
              "S22": 0.9221978042784168
            },
            "site_auc_std": 0.06715950819981442,
            "per_hour_auc": {
              "0-5": 0.8470483970654759,
              "18-23": 0.9207008641451576,
              "6-11": NaN
            },
            "first_pass_auc": 0.9072347560665296
          },
          "first_pass": {
            "macro_auc": 0.9072347560665296,
            "rare_auc": NaN,
            "frequent_auc": 0.9025964938698561,
            "per_site_auc": {
              "S08": NaN,
              "S18": 0.745230078563412,
              "S22": 0.9047192418413303
            },
            "site_auc_std": 0.0797445816389592,
            "per_hour_auc": {
              "0-5": 0.8442140354806593,
              "18-23": 0.9122236494373528,
              "6-11": NaN
            }
          }
        },
        "1": {
          "final": {
            "macro_auc": 0.8244452147242943,
            "rare_auc": NaN,
            "frequent_auc": 0.8346062645242884,
            "per_site_auc": {
              "S03": NaN,
              "S08": NaN,
              "S15": NaN,
              "S19": 0.5884150066767865,
              "S22": 0.909070881120037,
              "S23": NaN
            },
            "site_auc_std": 0.16032793722162525,
            "per_hour_auc": {
              "0-5": 0.8952460643681692,
              "18-23": 0.7364418514887717,
              "6-11": 0.797600561963916
            },
            "first_pass_auc": 0.8028440742756825
          },
          "first_pass": {
            "macro_auc": 0.8028440742756825,
            "rare_auc": NaN,
            "frequent_auc": 0.8136368499070951,
            "per_site_auc": {
              "S03": NaN,
              "S08": NaN,
              "S15": NaN,
              "S19": 0.5399389963333172,
              "S22": 0.8752044861446034,
              "S23": NaN
            },
            "site_auc_std": 0.16763274490564312,
            "per_hour_auc": {
              "0-5": 0.8707382103579356,
              "18-23": 0.705607919173953,
              "6-11": 0.8048765158237209
            }
          }
        },
        "2": {
          "final": {
            "macro_auc": 0.9188265023453343,
            "rare_auc": NaN,
            "frequent_auc": 0.9265436881587045,
            "per_site_auc": {
              "S03": 0.9045454545454545,
              "S13": 0.8039641203703703,
              "S22": 0.8891289215993116,
              "S23": NaN
            },
            "site_auc_std": 0.04423085604829448,
            "per_hour_auc": {
              "0-5": 0.975657708743996,
              "18-23": 0.9035721168420018
            },
            "first_pass_auc": 0.89565452258323
          },
          "first_pass": {
            "macro_auc": 0.89565452258323,
            "rare_auc": NaN,
            "frequent_auc": 0.9049747179113057,
            "per_site_auc": {
              "S03": 0.95,
              "S13": 0.8512731481481483,
              "S22": 0.8662101568246122,
              "S23": NaN
            },
            "site_auc_std": 0.04344964304179457,
            "per_hour_auc": {
              "0-5": 0.9600301013970558,
              "18-23": 0.8807846246294488
            }
          }
        },
        "3": {
          "final": {
            "macro_auc": 0.8483736917939665,
            "rare_auc": NaN,
            "frequent_auc": 0.8631757655910376,
            "per_site_auc": {
              "S08": NaN,
              "S15": NaN,
              "S19": NaN,
              "S22": 0.9334243022111278,
              "S23": NaN
            },
            "site_auc_std": 0.0,
            "per_hour_auc": {
              "0-5": 0.8314072984451338,
              "18-23": 0.8615023332073817,
              "6-11": 0.7920723062463818
            },
            "first_pass_auc": 0.8524333117014815
          },
          "first_pass": {
            "macro_auc": 0.8524333117014815,
            "rare_auc": NaN,
            "frequent_auc": 0.8554134983199995,
            "per_site_auc": {
              "S08": NaN,
              "S15": NaN,
              "S19": NaN,
              "S22": 0.9257096497668019,
              "S23": NaN
            },
            "site_auc_std": 0.0,
            "per_hour_auc": {
              "0-5": 0.8328913075979648,
              "18-23": 0.8585623713739028,
              "6-11": 0.8518733864025384
            }
          }
        },
        "4": {
          "final": {
            "macro_auc": 0.9414192385076235,
            "rare_auc": NaN,
            "frequent_auc": 0.9538110542150272,
            "per_site_auc": {
              "S08": NaN,
              "S15": NaN,
              "S22": 0.9228233328318698
            },
            "site_auc_std": 0.0,
            "per_hour_auc": {
              "0-5": 0.9174242004340688,
              "18-23": 0.925771544284648,
              "6-11": NaN
            },
            "first_pass_auc": 0.9466152550659304
          },
          "first_pass": {
            "macro_auc": 0.9466152550659304,
            "rare_auc": NaN,
            "frequent_auc": 0.9502893128480824,
            "per_site_auc": {
              "S08": NaN,
              "S15": NaN,
              "S22": 0.9423605858059108
            },
            "site_auc_std": 0.0,
            "per_hour_auc": {
              "0-5": 0.9098012493516879,
              "18-23": 0.9414002602010877,
              "6-11": NaN
            }
          }
        }
      },
      "global_first_pass": {
        "macro_auc": 0.8807621302920655,
        "rare_auc": NaN,
        "frequent_auc": 0.8737355826963644,
        "per_site_auc": {
          "S03": 0.862012987012987,
          "S08": 0.6343572505869651,
          "S13": 0.8512731481481483,
          "S15": NaN,
          "S18": 0.745230078563412,