{
  "config": {
    "seed": 42,
    "ensemble_w": 0.5,
    "lambda_prior": 0.4,
    "correction_weight": 0.3,
    "loss": "bce_focal_mean",
    "focal_alpha": 0.25,
    "focal_gamma": 2.5,
    "label_smoothing": 0.03,
    "mask_secondary": false,
    "tta": "window_roll",
    "tta_shifts": [
      0,
      1,
      -1,
      2,
      -2
    ],
    "tta_shifts_secs": [
      0.0,
      1.25,
      -1.25,
      2.5,
      -2.5
    ],
    "smoothing": "adaptive",
    "smoothing_alpha": 0.2,
    "use_boost": false,
    "boost_threshold": 0.5,
    "boost_lift": 0.25,
    "file_conf_top_k": 2,
    "file_conf_power": 0.4,
    "rank_power": 0.4,
    "threshold_grid": [
      0.25,
      0.3,
      0.35,
      0.4,
      0.45,
      0.5,
      0.55,
      0.6,
      0.65,
      0.7
    ],
    "proto_n_epochs": 40,
    "proto_lr": 0.001,
    "proto_patience": 8,
    "proto_pos_weight_cap": 25.0,
    "proto_distill_weight": 0.15,
    "proto_swa_start_frac": 0.65,
    "proto_swa_lr": 0.0004,
    "residual_n_epochs": 30,
    "residual_lr": 0.001,
    "residual_patience": 8,
    "residual_d_model": 128,
    "residual_d_state": 16,
    "residual_dropout": 0.1,
    "mlp_pca_dim": 64,
    "mlp_alpha_blend": 0.4,
    "mlp_min_pos": 5,
    "n_sites_cap": 20,
    "name": "lb_093_port"
  },
  "config_hash": "7c487d41af",
  "result": {
    "metrics": {
      "global": {
        "macro_auc": 0.8593763367557052,
        "rare_auc": NaN,
        "frequent_auc": 0.8575207819757095,
        "per_site_auc": {
          "S03": 0.783603896103896,
          "S08": 0.3977658590172653,
          "S13": 0.9199942129629629,
          "S15": NaN,
          "S18": 0.6969696969696969,
          "S19": 0.48880323390033453,
          "S22": 0.8320744395596237,
          "S23": NaN
        },
        "site_auc_std": 0.18605628816068653,
        "per_hour_auc": {
          "0-5": 0.863710545628276,
          "18-23": 0.8538858164766819,
          "6-11": 0.6986428409325783
        },
        "first_pass_auc": 0.8685100452820959
      },
      "per_fold": {
        "0": {
          "final": {
            "macro_auc": 0.9108128806012965,
            "rare_auc": NaN,
            "frequent_auc": 0.9063535246313613,
            "per_site_auc": {
              "S08": NaN,
              "S18": 0.6969696969696969,
              "S22": 0.9163998717101222
            },
            "site_auc_std": 0.10971508737021263,
            "per_hour_auc": {
              "0-5": 0.8380957841005311,
              "18-23": 0.9016719503545008,
              "6-11": NaN
            },
            "first_pass_auc": 0.9157238103970128
          },
          "first_pass": {
            "macro_auc": 0.9157238103970128,
            "rare_auc": NaN,
            "frequent_auc": 0.9115100009168634,
            "per_site_auc": {
              "S08": NaN,
              "S18": 0.6969696969696969,
              "S22": 0.9000627172307293
            },
            "site_auc_std": 0.10154651013051619,
            "per_hour_auc": {
              "0-5": 0.8331322658744621,
              "18-23": 0.8969485144999509,
              "6-11": NaN
            }
          }
        },
        "1": {
          "final": {
            "macro_auc": 0.895294664974305,
            "rare_auc": NaN,
            "frequent_auc": 0.9042080318416643,
            "per_site_auc": {
              "S03": NaN,
              "S08": NaN,
              "S15": NaN,
              "S19": 0.7021886689562085,
              "S22": 0.862810418152175,
              "S23": NaN
            },
            "site_auc_std": 0.08031087459798325,
            "per_hour_auc": {
              "0-5": 0.9456134443035205,
              "18-23": 0.8249167283430522,
              "6-11": 0.817831879128463
            },
            "first_pass_auc": 0.886085419161541
          },
          "first_pass": {
            "macro_auc": 0.886085419161541,
            "rare_auc": NaN,
            "frequent_auc": 0.8956562585846918,
            "per_site_auc": {
              "S03": NaN,
              "S08": NaN,
              "S15": NaN,
              "S19": 0.6522913320561933,
              "S22": 0.8480915523993034,
              "S23": NaN
            },
            "site_auc_std": 0.09790011017155509,
            "per_hour_auc": {
              "0-5": 0.9397866797408274,
              "18-23": 0.8126580542427924,
              "6-11": 0.8117500985901607
            }
          }
        },
        "2": {
          "final": {
            "macro_auc": 0.925158001612471,
            "rare_auc": NaN,
            "frequent_auc": 0.9340265527640959,
            "per_site_auc": {
              "S03": 0.95,
              "S13": 0.9199942129629629,
              "S22": 0.9069859662508126,
              "S23": NaN
            },
            "site_auc_std": 0.0180116284587128,
            "per_hour_auc": {
              "0-5": 0.978104173974805,
              "18-23": 0.901457339016804
            },
            "first_pass_auc": 0.911179590180597
          },
          "first_pass": {
            "macro_auc": 0.911179590180597,
            "rare_auc": NaN,
            "frequent_auc": 0.9242915348072345,
            "per_site_auc": {
              "S03": 0.95,
              "S13": 0.9405381944444443,
              "S22": 0.88345158037789,
              "S23": NaN
            },
            "site_auc_std": 0.02939595479380586,
            "per_hour_auc": {
              "0-5": 0.9678849246251207,
              "18-23": 0.8848926170460645
            }
          }
        },
        "3": {
          "final": {
            "macro_auc": 0.91150159414293,
            "rare_auc": NaN,
            "frequent_auc": 0.9000930440333731,
            "per_site_auc": {
              "S08": NaN,
              "S15": NaN,
              "S19": NaN,
              "S22": 0.9315188767997903,
              "S23": NaN
            },
            "site_auc_std": 0.0,
            "per_hour_auc": {
              "0-5": 0.8938620981065903,
              "18-23": 0.9584415193582067,
              "6-11": 0.8957651524841952
            },
            "first_pass_auc": 0.9059628950939548
          },
          "first_pass": {
            "macro_auc": 0.9059628950939548,
            "rare_auc": NaN,
            "frequent_auc": 0.8981527943210791,
            "per_site_auc": {
              "S08": NaN,
              "S15": NaN,
              "S19": NaN,
              "S22": 0.926025944560411,
              "S23": NaN
            },
            "site_auc_std": 0.0,
            "per_hour_auc": {
              "0-5": 0.8939131900099334,
              "18-23": 0.9444005678718972,
              "6-11": 0.9009052814524492
            }
          }
        },
        "4": {
          "final": {
            "macro_auc": 0.964851767510453,
            "rare_auc": NaN,
            "frequent_auc": 0.9702181876454884,
            "per_site_auc": {
              "S08": NaN,
              "S15": NaN,
              "S22": 0.9245133820645083
            },
            "site_auc_std": 0.0,
            "per_hour_auc": {
              "0-5": 0.964051202209097,
              "18-23": 0.9236373573326062,
              "6-11": NaN
            },
            "first_pass_auc": 0.9662562853024911
          },
          "first_pass": {
            "macro_auc": 0.9662562853024911,
            "rare_auc": NaN,
            "frequent_auc": 0.9672076223760364,
            "per_site_auc": {
              "S08": NaN,
              "S15": NaN,
              "S22": 0.933574783366021
            },
            "site_auc_std": 0.0,
            "per_hour_auc": {
              "0-5": 0.9630453600574215,
              "18-23": 0.9283487142908798,
              "6-11": NaN
            }
          }
        }
      },
      "global_first_pass": {
        "macro_auc": 0.8685100452820959,
        "rare_auc": NaN,
        "frequent_auc": 0.8761495315628682,
        "per_site_auc": {
          "S03": 0.8926948051948053,
          "S08": 0.41141451547036806,