{
  "final": {
    "fold_val": {
      "macro_auc": 0.958388195979277,
      "site_auc_std": 0.002558552166664174,
      "rare_auc": NaN,
      "frequent_auc": NaN,
      "n_files": 12,
      "n_windows": 144
    }
  },
  "best_primary": 0.9593417028149883,
  "runtime_min": 83.41392302910486
}