{
  "final": {
    "fold_val": {
      "macro_auc": 0.8332992511814411,
      "site_auc_std": 0.0,
      "rare_auc": NaN,
      "frequent_auc": NaN,
      "n_files": 9,
      "n_windows": 108
    },
    "v_anchor": {
      "macro_auc": 0.864344298713867,
      "site_auc_std": 0.11552346619236592,
      "rare_auc": NaN,
      "frequent_auc": NaN,
      "n_files": 13,
      "n_windows": 156
    }
  },
  "best_primary": 0.7728868310750893,
  "runtime_min": 139.46610684792202
}