{
  "final": {
    "fold_val": {
      "macro_auc": 0.578530240095194,
      "site_auc_std": 0.0,
      "rare_auc": NaN,
      "frequent_auc": NaN,
      "n_files": 10,
      "n_windows": 120
    },
    "v_anchor": {
      "macro_auc": 0.5459504017051761,
      "site_auc_std": 0.014715818101560585,
      "rare_auc": NaN,
      "frequent_auc": NaN,
      "n_files": 13,
      "n_windows": 156
    }
  },
  "best_primary": 0.5332258854318732,
  "runtime_min": 3.9324628710746765
}