{
  "final": {
    "fold_val": {
      "macro_auc": 0.60713036049234,
      "site_auc_std": 0.07801374169766147,
      "rare_auc": NaN,
      "frequent_auc": NaN,
      "n_files": 12,
      "n_windows": 144
    }
  },
  "best_primary": 0.5291166187946785,
  "runtime_min": 0.8787996570269266
}