{
  "config": {
    "seed": 42,
    "ensemble_w": 0.5,
    "lambda_prior": 0.0,
    "correction_weight": 0.0,
    "loss": "focal_bce",
    "focal_alpha": 0.25,
    "focal_gamma": 2.0,
    "label_smoothing": 0.03,
    "mask_secondary": false,
    "tta": "window_roll",
    "tta_shifts": [
      0,
      1,
      -1,
      2,
      -2
    ],
    "tta_shifts_secs": [
      0.0,
      1.25,
      -1.25,
      2.5,
      -2.5
    ],
    "smoothing": "gaussian",
    "smoothing_alpha": 0.2,
    "use_boost": true,
    "boost_threshold": 0.5,
    "boost_lift": 0.15,
    "file_conf_top_k": 2,
    "file_conf_power": 0.4,
    "rank_power": 0.4,
    "threshold_grid": [
      0.5
    ],
    "proto_n_epochs": 80,
    "proto_lr": 0.0008,
    "proto_patience": 20,
    "proto_pos_weight_cap": 25.0,
    "proto_distill_weight": 0.15,
    "proto_swa_start_frac": 0.65,
    "proto_swa_lr": 0.0004,
    "residual_n_epochs": 40,
    "residual_lr": 0.0008,
    "residual_patience": 12,
    "residual_d_model": 128,
    "residual_d_state": 16,
    "residual_dropout": 0.1,
    "mlp_pca_dim": 64,
    "mlp_alpha_blend": 0.4,
    "mlp_min_pos": 5,
    "n_sites_cap": 20,
    "name": "boost_soft"
  },
  "config_hash": "f07e6fe357",
  "result": {
    "metrics": {
      "global": {
        "macro_auc": 0.8938110737654288,
        "rare_auc": NaN,
        "frequent_auc": 0.8952371094558224,
        "per_site_auc": {
          "S03": 0.9045454545454545,
          "S08": NaN,
          "S13": NaN,
          "S15": NaN,
          "S18": 0.6543209876543209,
          "S19": 0.5829490696660319,
          "S22": 0.9121265647142213,
          "S23": NaN
        },
        "site_auc_std": 0.14705642652494247,
        "per_hour_auc": {
          "0-5": 0.9120692596929619,
          "18-23": 0.8693410757716364,
          "6-11": 0.6979742028523938
        },
        "first_pass_auc": 0.8887615064752982
      },
      "per_fold": {
        "0": {
          "final": {
            "macro_auc": 0.8834040764128522,
            "rare_auc": NaN,
            "frequent_auc": 0.8834040764128522,
            "per_site_auc": {
              "S22": 0.8834040764128522
            },
            "site_auc_std": 0.0,
            "per_hour_auc": {
              "0-5": 0.8699151838694265,
              "18-23": 0.8604630906868848
            },
            "first_pass_auc": 0.8418309205630654
          },
          "first_pass": {
            "macro_auc": 0.8418309205630654,
            "rare_auc": NaN,
            "frequent_auc": 0.8418309205630654,
            "per_site_auc": {
              "S22": 0.8418309205630654
            },
            "site_auc_std": 0.0,
            "per_hour_auc": {
              "0-5": 0.9210216346153846,
              "18-23": 0.8167269318972643
            }
          }
        },
        "1": {
          "final": {
            "macro_auc": 0.9420694940327433,
            "rare_auc": NaN,
            "frequent_auc": 0.9338760157602825,
            "per_site_auc": {
              "S18": 0.6543209876543209,
              "S22": 0.9463328688785845
            },
            "site_auc_std": 0.1460059406121318,
            "per_hour_auc": {
              "0-5": NaN,
              "18-23": 0.9508640722973924
            },
            "first_pass_auc": 0.9334779038069204
          },
          "first_pass": {
            "macro_auc": 0.9334779038069204,
            "rare_auc": NaN,
            "frequent_auc": 0.9232437351618312,
            "per_site_auc": {
              "S18": 0.6666666666666666,
              "S22": 0.9370357359770476
            },
            "site_auc_std": 0.13518453465519048,
            "per_hour_auc": {
              "0-5": NaN,
              "18-23": 0.9516845771404223
            }
          }
        },
        "2": {
          "final": {
            "macro_auc": 0.8046795615965745,
            "rare_auc": NaN,
            "frequent_auc": 0.7673870231467054,
            "per_site_auc": {
              "S19": 0.5829490696660319,
              "S22": 0.9099052854898615
            },
            "site_auc_std": 0.1634781079119148,
            "per_hour_auc": {
              "0-5": 0.9015586469044329,
              "18-23": 0.7426472111516409
            },
            "first_pass_auc": 0.7968065952324382
          },
          "first_pass": {
            "macro_auc": 0.7968065952324382,
            "rare_auc": NaN,
            "frequent_auc": 0.7581209575514777,
            "per_site_auc": {
              "S19": 0.5654121925038686,
              "S22": 0.8959927982860834
            },
            "site_auc_std": 0.16529030289110735,
            "per_hour_auc": {
              "0-5": 0.8903006407318379,
              "18-23": 0.7374986816264995
            }
          }
        },
        "3": {
          "final": {
            "macro_auc": 0.9057849709108527,
            "rare_auc": NaN,
            "frequent_auc": 0.8882004095806344,
            "per_site_auc": {
              "S13": NaN,
              "S22": 0.8805504770797529,
              "S23": NaN
            },
            "site_auc_std": 0.0,
            "per_hour_auc": {
              "0-5": 0.829304963952976,
              "18-23": NaN
            },
            "first_pass_auc": 0.8747378050415353
          },
          "first_pass": {
            "macro_auc": 0.8747378050415353,
            "rare_auc": NaN,
            "frequent_auc": 0.8556643600496698,
            "per_site_auc": {
              "S13": NaN,
              "S22": 0.8511445403301212,
              "S23": NaN
            },
            "site_auc_std": 0.0,
            "per_hour_auc": {
              "0-5": 0.8252671056551776,
              "18-23": NaN
            }
          }
        },
        "4": {
          "final": {
            "macro_auc": 0.7448471736169641,
            "rare_auc": NaN,
            "frequent_auc": 0.7349594836538078,
            "per_site_auc": {
              "S03": 0.9045454545454545,
              "S08": NaN,
              "S15": NaN,
              "S22": NaN
            },
            "site_auc_std": 0.0,
            "per_hour_auc": {
              "0-5": NaN,
              "18-23": 0.7857291230512156,
              "6-11": 0.6979742028523938
            },
            "first_pass_auc": 0.746238730779136
          },
          "first_pass": {
            "macro_auc": 0.746238730779136,
            "rare_auc": NaN,
            "frequent_auc": 0.7308553440081194,
            "per_site_auc": {
              "S03": 0.95,
              "S08": NaN,
              "S15": NaN,
              "S22": NaN
            },
            "site_auc_std": 0.0,
            "per_hour_auc": {
              "0-5": NaN,
              "18-23": 0.785119064654012,
              "6-11": 0.7152109366822562
            }
          }
        }
      },
      "v_anchor": {
        "macro_auc": 0.8309716664981185,
        "rare_auc": NaN,
        "frequent_auc": 0.8415752496134268,
        "per_site_auc": {
          "S03": NaN,
          "S08": 0.7998030629990965,
          "S13": NaN,
          "S15": NaN,
          "S19": NaN,
          "S22": 0.8985104810489396,
          "S23": NaN
        },
        "site_auc_std": 0.04935370902492153,
        "per_hour_auc": {
          "0-5": 0.7862327675690317,
          "18-23": 0.8859730308189222,
          "6-11": 0.8426320173879289
        },
        "first_pass_auc": 0.8208808625196727
      },
      "global_first_pass": {
        "macro_auc": 0.8887615064752982,
        "rare_auc": NaN,
        "frequent_auc": 0.8843738639095226,
        "per_site_auc": {
          "S03": 0.95,
          "S08": NaN,
          "S13": NaN,
          "S15": NaN,
          "S18": 0.6666666666666666,
          "S19": 0.5654121925038686,
          "S22": 0.8977600973365654,
          "S23": NaN
        },
        "site_auc_std": 0.15910419914441987,
        "per_hour_auc": {
          "0-5": 0.8990518264398665,
          "18-23": 0.8575722986069619,
          "6-11": 0.7152109366822562
        }
      },