{
  "config": {
    "seed": 42,
    "ensemble_w": 0.25,
    "lambda_prior": 0.0,
    "correction_weight": 0.0,
    "loss": "focal_bce",
    "focal_alpha": 0.25,
    "focal_gamma": 2.0,
    "label_smoothing": 0.03,
    "mask_secondary": false,
    "tta": "window_roll",
    "tta_shifts": [
      0,
      1,
      -1,
      2,
      -2
    ],
    "tta_shifts_secs": [
      0.0,
      1.25,
      -1.25,
      2.5,
      -2.5
    ],
    "smoothing": "gaussian",
    "smoothing_alpha": 0.2,
    "use_boost": true,
    "boost_threshold": 0.5,
    "boost_lift": 0.25,
    "file_conf_top_k": 2,
    "file_conf_power": 0.4,
    "rank_power": 0.4,
    "threshold_grid": [
      0.5
    ],
    "proto_n_epochs": 80,
    "proto_lr": 0.0008,
    "proto_patience": 20,
    "proto_pos_weight_cap": 25.0,
    "proto_distill_weight": 0.15,
    "proto_swa_start_frac": 0.65,
    "proto_swa_lr": 0.0004,
    "residual_n_epochs": 40,
    "residual_lr": 0.0008,
    "residual_patience": 12,
    "residual_d_model": 128,
    "residual_d_state": 16,
    "residual_dropout": 0.1,
    "mlp_pca_dim": 64,
    "mlp_alpha_blend": 0.4,
    "mlp_min_pos": 5,
    "n_sites_cap": 20,
    "name": "ens_w_025"
  },
  "config_hash": "e97195e0e4",
  "result": {
    "metrics": {
      "global": {
        "macro_auc": 0.8923508070358973,
        "rare_auc": NaN,
        "frequent_auc": 0.8934757845349199,
        "per_site_auc": {
          "S03": 0.9045454545454545,
          "S08": NaN,
          "S13": NaN,
          "S15": NaN,
          "S18": 0.6666666666666666,
          "S19": 0.5849692716862339,
          "S22": 0.9079063811449396,
          "S23": NaN
        },
        "site_auc_std": 0.14315332493843141,
        "per_hour_auc": {
          "0-5": 0.9127891232274133,
          "18-23": 0.8637180987919987,
          "6-11": 0.6923808448598344
        },
        "first_pass_auc": 0.8889023855794268
      },
      "per_fold": {
        "0": {
          "final": {
            "macro_auc": 0.8892521559848631,
            "rare_auc": NaN,
            "frequent_auc": 0.8892521559848631,
            "per_site_auc": {
              "S22": 0.8892521559848631
            },
            "site_auc_std": 0.0,
            "per_hour_auc": {
              "0-5": 0.8640389841137124,
              "18-23": 0.8698236041052294
            },
            "first_pass_auc": 0.8450105168512874
          },
          "first_pass": {
            "macro_auc": 0.8450105168512874,
            "rare_auc": NaN,
            "frequent_auc": 0.8450105168512874,
            "per_site_auc": {
              "S22": 0.8450105168512874
            },
            "site_auc_std": 0.0,
            "per_hour_auc": {
              "0-5": 0.9198557692307692,
              "18-23": 0.8231210378088327
            }
          }
        },
        "1": {
          "final": {
            "macro_auc": 0.9415466276026391,
            "rare_auc": NaN,
            "frequent_auc": 0.9332727083409315,
            "per_site_auc": {
              "S18": 0.6666666666666666,
              "S22": 0.9449839690079467
            },
            "site_auc_std": 0.13915865117064002,
            "per_hour_auc": {
              "0-5": NaN,
              "18-23": 0.9528781418548464
            },
            "first_pass_auc": 0.9359235313060243
          },
          "first_pass": {
            "macro_auc": 0.9359235313060243,
            "rare_auc": NaN,
            "frequent_auc": 0.9260656130454128,
            "per_site_auc": {
              "S18": 0.6666666666666666,
              "S22": 0.9391281003624581
            },
            "site_auc_std": 0.13623071684789573,
            "per_hour_auc": {
              "0-5": NaN,
              "18-23": 0.9551716110748854
            }
          }
        },
        "2": {
          "final": {
            "macro_auc": 0.7991650581548737,
            "rare_auc": NaN,
            "frequent_auc": 0.7607115716120149,
            "per_site_auc": {
              "S19": 0.5849692716862339,
              "S22": 0.9050560860241246
            },
            "site_auc_std": 0.16004340716894533,
            "per_hour_auc": {
              "0-5": 0.8977819422646015,
              "18-23": 0.7371931893732664
            },
            "first_pass_auc": 0.7921866082065402
          },
          "first_pass": {
            "macro_auc": 0.7921866082065402,
            "rare_auc": NaN,
            "frequent_auc": 0.7525283416780223,
            "per_site_auc": {
              "S19": 0.562769598081383,
              "S22": 0.89211579768403
            },
            "site_auc_std": 0.1646730998013235,
            "per_hour_auc": {
              "0-5": 0.8886645942609518,
              "18-23": 0.7282520970462003
            }
          }
        },
        "3": {
          "final": {
            "macro_auc": 0.9086884514423899,
            "rare_auc": NaN,
            "frequent_auc": 0.8919090531096125,
            "per_site_auc": {
              "S13": NaN,
              "S22": 0.8927065353897589,
              "S23": NaN
            },
            "site_auc_std": 0.0,
            "per_hour_auc": {
              "0-5": 0.8321122791867618,
              "18-23": NaN
            },
            "first_pass_auc": 0.8751388694798603
          },
          "first_pass": {
            "macro_auc": 0.8751388694798603,
            "rare_auc": NaN,
            "frequent_auc": 0.8560895206528765,
            "per_site_auc": {
              "S13": NaN,
              "S22": 0.8559547601916297,
              "S23": NaN
            },
            "site_auc_std": 0.0,
            "per_hour_auc": {
              "0-5": 0.8278134019514739,
              "18-23": NaN
            }
          }
        },
        "4": {
          "final": {
            "macro_auc": 0.7412593046805409,
            "rare_auc": NaN,
            "frequent_auc": 0.7323465829520034,
            "per_site_auc": {
              "S03": 0.9045454545454545,
              "S08": NaN,
              "S15": NaN,
              "S22": NaN
            },
            "site_auc_std": 0.0,
            "per_hour_auc": {
              "0-5": NaN,
              "18-23": 0.7739234718059093,
              "6-11": 0.6923808448598344
            },
            "first_pass_auc": 0.7446636152960855
          },
          "first_pass": {
            "macro_auc": 0.7446636152960855,
            "rare_auc": NaN,
            "frequent_auc": 0.7288729720653635,
            "per_site_auc": {
              "S03": 0.95,
              "S08": NaN,
              "S15": NaN,
              "S22": NaN
            },
            "site_auc_std": 0.0,
            "per_hour_auc": {
              "0-5": NaN,
              "18-23": 0.7700337476043893,
              "6-11": 0.7156406383451739
            }
          }
        }
      },
      "v_anchor": {
        "macro_auc": 0.8297021711600717,
        "rare_auc": NaN,
        "frequent_auc": 0.8413474144872006,
        "per_site_auc": {
          "S03": NaN,
          "S08": 0.8006802559815527,
          "S13": NaN,
          "S15": NaN,
          "S19": NaN,
          "S22": 0.8929588294231192,
          "S23": NaN
        },
        "site_auc_std": 0.04613928672078327,
        "per_hour_auc": {
          "0-5": 0.7930484822061409,
          "18-23": 0.8810713506704564,
          "6-11": 0.8401038370336615
        },
        "first_pass_auc": 0.8203143125473636
      },
      "global_first_pass": {
        "macro_auc": 0.8889023855794268,
        "rare_auc": NaN,
        "frequent_auc": 0.8842074792882598,
        "per_site_auc": {
          "S03": 0.95,
          "S08": NaN,
          "S13": NaN,
          "S15": NaN,
          "S18": 0.6666666666666666,
          "S19": 0.562769598081383,
          "S22": 0.8958842260731135,
          "S23": NaN
        },
        "site_auc_std": 0.1595803725240179,
        "per_hour_auc": {
          "0-5": 0.9000281672483397,
          "18-23": 0.8532088005673958,
          "6-11": 0.7156406383451739
        }
      },