{
  "config": {
    "seed": 42,
    "ensemble_w": 0.15,
    "lambda_prior": 0.0,
    "correction_weight": 0.0,
    "loss": "focal_bce",
    "focal_alpha": 0.25,
    "focal_gamma": 2.0,
    "label_smoothing": 0.03,
    "mask_secondary": false,
    "tta": "window_roll",
    "tta_shifts": [
      0,
      1,
      -1,
      2,
      -2
    ],
    "tta_shifts_secs": [
      0.0,
      1.25,
      -1.25,
      2.5,
      -2.5
    ],
    "smoothing": "gaussian",
    "smoothing_alpha": 0.2,
    "use_boost": true,
    "boost_threshold": 0.5,
    "boost_lift": 0.25,
    "file_conf_top_k": 2,
    "file_conf_power": 0.4,
    "rank_power": 0.4,
    "threshold_grid": [
      0.5
    ],
    "proto_n_epochs": 80,
    "proto_lr": 0.0008,
    "proto_patience": 20,
    "proto_pos_weight_cap": 25.0,
    "proto_distill_weight": 0.15,
    "proto_swa_start_frac": 0.65,
    "proto_swa_lr": 0.0004,
    "residual_n_epochs": 40,
    "residual_lr": 0.0008,
    "residual_patience": 12,
    "residual_d_model": 128,
    "residual_d_state": 16,
    "residual_dropout": 0.1,
    "mlp_pca_dim": 64,
    "mlp_alpha_blend": 0.4,
    "mlp_min_pos": 5,
    "n_sites_cap": 20,
    "name": "ens_w_015"
  },
  "config_hash": "8f7ce20787",
  "result": {
    "metrics": {
      "global": {
        "macro_auc": 0.8913235041597766,
        "rare_auc": NaN,
        "frequent_auc": 0.8923129947307123,
        "per_site_auc": {
          "S03": 0.9045454545454545,
          "S08": NaN,
          "S13": NaN,
          "S15": NaN,
          "S18": 0.6666666666666666,
          "S19": 0.5849692716862339,
          "S22": 0.9062313332126933,
          "S23": NaN
        },
        "site_auc_std": 0.1427395141815504,
        "per_hour_auc": {
          "0-5": 0.9116474671527334,
          "18-23": 0.8619347202201806,
          "6-11": 0.6923853196623606
        },
        "first_pass_auc": 0.8886383408436113
      },
      "per_fold": {
        "0": {
          "final": {
            "macro_auc": 0.8888924819709823,
            "rare_auc": NaN,
            "frequent_auc": 0.8888924819709823,
            "per_site_auc": {
              "S22": 0.8888924819709823
            },
            "site_auc_std": 0.0,
            "per_hour_auc": {
              "0-5": 0.8628469899665552,
              "18-23": 0.8694907205150956
            },
            "first_pass_auc": 0.8454782481010338
          },
          "first_pass": {
            "macro_auc": 0.8454782481010338,
            "rare_auc": NaN,
            "frequent_auc": 0.8454782481010338,
            "per_site_auc": {
              "S22": 0.8454782481010338
            },
            "site_auc_std": 0.0,
            "per_hour_auc": {
              "0-5": 0.9198557692307692,
              "18-23": 0.8237272957494778
            }
          }
        },
        "1": {
          "final": {
            "macro_auc": 0.9410483510783265,
            "rare_auc": NaN,
            "frequent_auc": 0.9334166811507649,
            "per_site_auc": {
              "S18": 0.6666666666666666,
              "S22": 0.9446118488264607
            },
            "site_auc_std": 0.138972591079897,
            "per_hour_auc": {
              "0-5": NaN,
              "18-23": 0.9539038648598487
            },
            "first_pass_auc": 0.9359668693002673
          },
          "first_pass": {
            "macro_auc": 0.9359668693002673,
            "rare_auc": NaN,
            "frequent_auc": 0.9261156184233853,
            "per_site_auc": {
              "S18": 0.6666666666666666,
              "S22": 0.939497903921831
            },
            "site_auc_std": 0.13641561862758217,
            "per_hour_auc": {
              "0-5": NaN,
              "18-23": 0.9551644563031016
            }
          }
        },
        "2": {
          "final": {
            "macro_auc": 0.7972233429753135,
            "rare_auc": NaN,
            "frequent_auc": 0.7583610742893893,
            "per_site_auc": {
              "S19": 0.5849692716862339,
              "S22": 0.9032358585826985
            },
            "site_auc_std": 0.1591332934482323,
            "per_hour_auc": {
              "0-5": 0.8966411804495974,
              "18-23": 0.7356170189428829
            },
            "first_pass_auc": 0.7906333121986036
          },
          "first_pass": {
            "macro_auc": 0.7906333121986036,
            "rare_auc": NaN,
            "frequent_auc": 0.7506480359842042,
            "per_site_auc": {
              "S19": 0.5628116856234705,
              "S22": 0.8897419581737143
            },
            "site_auc_std": 0.16346513627512188,
            "per_hour_auc": {
              "0-5": 0.884829008994412,
              "18-23": 0.7258081543551008
            }
          }
        },
        "3": {
          "final": {
            "macro_auc": 0.9073207523340748,
            "rare_auc": NaN,
            "frequent_auc": 0.8903800476252013,
            "per_site_auc": {
              "S13": NaN,
              "S22": 0.8916668217757381,
              "S23": NaN
            },
            "site_auc_std": 0.0,
            "per_hour_auc": {
              "0-5": 0.8318379307642652,
              "18-23": NaN
            },
            "first_pass_auc": 0.874784152980601
          },
          "first_pass": {
            "macro_auc": 0.874784152980601,
            "rare_auc": NaN,
            "frequent_auc": 0.8555516274081982,
            "per_site_auc": {
              "S13": NaN,
              "S22": 0.8555457141973193,
              "S23": NaN
            },
            "site_auc_std": 0.0,
            "per_hour_auc": {
              "0-5": 0.8282763649144369,
              "18-23": NaN
            }
          }
        },
        "4": {
          "final": {
            "macro_auc": 0.7397904138412006,
            "rare_auc": NaN,
            "frequent_auc": 0.7307072181683342,
            "per_site_auc": {
              "S03": 0.9045454545454545,
              "S08": NaN,
              "S15": NaN,
              "S22": NaN
            },
            "site_auc_std": 0.0,
            "per_hour_auc": {
              "0-5": NaN,
              "18-23": 0.7722710690699337,
              "6-11": 0.6923853196623606
            },
            "first_pass_auc": 0.7435206681584812
          },
          "first_pass": {
            "macro_auc": 0.7435206681584812,
            "rare_auc": NaN,
            "frequent_auc": 0.7275644494729538,
            "per_site_auc": {
              "S03": 0.95,
              "S08": NaN,
              "S15": NaN,
              "S22": NaN
            },
            "site_auc_std": 0.0,
            "per_hour_auc": {
              "0-5": NaN,
              "18-23": 0.7679171381601935,
              "6-11": 0.7152378647821779
            }
          }
        }
      },
      "v_anchor": {
        "macro_auc": 0.8296464098372004,
        "rare_auc": NaN,
        "frequent_auc": 0.8415240073932615,
        "per_site_auc": {
          "S03": NaN,
          "S08": 0.8006802559815527,
          "S13": NaN,
          "S15": NaN,
          "S19": NaN,
          "S22": 0.8920304582773568,
          "S23": NaN
        },
        "site_auc_std": 0.045675101147902075,
        "per_hour_auc": {
          "0-5": 0.7981592626294214,
          "18-23": 0.878013797923816,
          "6-11": 0.8389391196847337
        },
        "first_pass_auc": 0.8204401810708637
      },
      "global_first_pass": {
        "macro_auc": 0.8886383408436113,
        "rare_auc": NaN,
        "frequent_auc": 0.8837639836916039,
        "per_site_auc": {
          "S03": 0.95,
          "S08": NaN,
          "S13": NaN,
          "S15": NaN,
          "S18": 0.6666666666666666,
          "S19": 0.5628116856234705,
          "S22": 0.8945909732416762,
          "S23": NaN
        },
        "site_auc_std": 0.15931014780951774,
        "per_hour_auc": {
          "0-5": 0.8995933149551324,
          "18-23": 0.85162904474944,
          "6-11": 0.7152378647821779
        }
      },