{
  "config": {
    "seed": 42,
    "ensemble_w": 0.75,
    "lambda_prior": 0.0,
    "correction_weight": 0.0,
    "loss": "focal_bce",
    "focal_alpha": 0.25,
    "focal_gamma": 2.0,
    "label_smoothing": 0.03,
    "mask_secondary": false,
    "tta": "window_roll",
    "tta_shifts": [
      0,
      1,
      -1,
      2,
      -2
    ],
    "tta_shifts_secs": [
      0.0,
      1.25,
      -1.25,
      2.5,
      -2.5
    ],
    "smoothing": "gaussian",
    "smoothing_alpha": 0.2,
    "use_boost": true,
    "boost_threshold": 0.5,
    "boost_lift": 0.25,
    "file_conf_top_k": 2,
    "file_conf_power": 0.4,
    "rank_power": 0.4,
    "threshold_grid": [
      0.5
    ],
    "proto_n_epochs": 80,
    "proto_lr": 0.0008,
    "proto_patience": 20,
    "proto_pos_weight_cap": 25.0,
    "proto_distill_weight": 0.15,
    "proto_swa_start_frac": 0.65,
    "proto_swa_lr": 0.0004,
    "residual_n_epochs": 40,
    "residual_lr": 0.0008,
    "residual_patience": 12,
    "residual_d_model": 128,
    "residual_d_state": 16,
    "residual_dropout": 0.1,
    "mlp_pca_dim": 64,
    "mlp_alpha_blend": 0.4,
    "mlp_min_pos": 5,
    "n_sites_cap": 20,
    "name": "ens_w_075_proto_heavy"
  },
  "config_hash": "c06533b4e1",
  "result": {
    "metrics": {
      "global": {
        "macro_auc": 0.891637141407988,
        "rare_auc": NaN,
        "frequent_auc": 0.893422957583365,
        "per_site_auc": {
          "S03": 0.9045454545454545,
          "S08": NaN,
          "S13": NaN,
          "S15": NaN,
          "S18": 0.6419753086419753,
          "S19": 0.5809656942451564,
          "S22": 0.9134876410346829,
          "S23": NaN
        },
        "site_auc_std": 0.1503618282431279,
        "per_hour_auc": {
          "0-5": 0.9097011726056319,
          "18-23": 0.8748533591020221,
          "6-11": 0.6938847424781658
        },
        "first_pass_auc": 0.8840011992484545
      },
      "per_fold": {
        "0": {
          "final": {
            "macro_auc": 0.8710812150513964,
            "rare_auc": NaN,
            "frequent_auc": 0.8710812150513964,
            "per_site_auc": {
              "S22": 0.8710812150513964
            },
            "site_auc_std": 0.0,
            "per_hour_auc": {
              "0-5": 0.906107060550872,
              "18-23": 0.8549272224044585
            },
            "first_pass_auc": 0.8285929341998156
          },
          "first_pass": {
            "macro_auc": 0.8285929341998156,
            "rare_auc": NaN,
            "frequent_auc": 0.8285929341998156,
            "per_site_auc": {
              "S22": 0.8285929341998156
            },
            "site_auc_std": 0.0,
            "per_hour_auc": {
              "0-5": 0.9197395833333333,
              "18-23": 0.8005796461483161
            }
          }
        },
        "1": {
          "final": {
            "macro_auc": 0.9393824244399482,
            "rare_auc": NaN,
            "frequent_auc": 0.930775550845519,
            "per_site_auc": {
              "S18": 0.6419753086419753,
              "S22": 0.9429655085234832
            },
            "site_auc_std": 0.15049509994075394,
            "per_hour_auc": {
              "0-5": NaN,
              "18-23": 0.9393872356012091
            },
            "first_pass_auc": 0.9210980665885745
          },
          "first_pass": {
            "macro_auc": 0.9210980665885745,
            "rare_auc": NaN,
            "frequent_auc": 0.9089593076022013,
            "per_site_auc": {
              "S18": 0.6969696969696969,
              "S22": 0.9208848569949362
            },
            "site_auc_std": 0.11195758001261963,
            "per_hour_auc": {
              "0-5": NaN,
              "18-23": 0.9377577010282601
            }
          }
        },
        "2": {
          "final": {
            "macro_auc": 0.8105618994922118,
            "rare_auc": NaN,
            "frequent_auc": 0.77450774796774,
            "per_site_auc": {
              "S19": 0.5809656942451564,
              "S22": 0.9089727302835822
            },
            "site_auc_std": 0.16400351801921287,
            "per_hour_auc": {
              "0-5": 0.9187581114942762,
              "18-23": 0.7562802735620816
            },
            "first_pass_auc": 0.8037991043911075
          },
          "first_pass": {
            "macro_auc": 0.8037991043911075,
            "rare_auc": NaN,
            "frequent_auc": 0.7665855739014455,
            "per_site_auc": {
              "S19": 0.5923630873216115,
              "S22": 0.8941779674479217
            },
            "site_auc_std": 0.1509074400631551,
            "per_hour_auc": {
              "0-5": 0.8887390813700763,
              "18-23": 0.7587296853589911
            }
          }
        },
        "3": {
          "final": {
            "macro_auc": 0.9060712441864527,
            "rare_auc": NaN,
            "frequent_auc": 0.8885439375113544,
            "per_site_auc": {
              "S13": NaN,
              "S22": 0.8708046345453924,
              "S23": NaN
            },
            "site_auc_std": 0.0,
            "per_hour_auc": {
              "0-5": 0.8232319792035205,
              "18-23": NaN
            },
            "first_pass_auc": 0.8729151657808162
          },
          "first_pass": {
            "macro_auc": 0.8729151657808162,
            "rare_auc": NaN,
            "frequent_auc": 0.8535894263823737,
            "per_site_auc": {
              "S13": NaN,
              "S22": 0.8433311697385897,
              "S23": NaN
            },
            "site_auc_std": 0.0,
            "per_hour_auc": {
              "0-5": 0.8150819204699924,
              "18-23": NaN
            }
          }
        },
        "4": {
          "final": {
            "macro_auc": 0.7449060974884579,
            "rare_auc": NaN,
            "frequent_auc": 0.7351134247736448,
            "per_site_auc": {
              "S03": 0.9045454545454545,
              "S08": NaN,
              "S15": NaN,
              "S22": NaN
            },
            "site_auc_std": 0.0,
            "per_hour_auc": {
              "0-5": NaN,
              "18-23": 0.8044266428151936,
              "6-11": 0.6938847424781658
            },
            "first_pass_auc": 0.7468615963050498
          },
          "first_pass": {
            "macro_auc": 0.7468615963050498,
            "rare_auc": NaN,
            "frequent_auc": 0.7313687487931088,
            "per_site_auc": {
              "S03": 0.95,
              "S08": NaN,
              "S15": NaN,
              "S22": NaN
            },
            "site_auc_std": 0.0,
            "per_hour_auc": {
              "0-5": NaN,
              "18-23": 0.7975518196844565,
              "6-11": 0.7105506962749994
            }
          }
        }
      },
      "v_anchor": {
        "macro_auc": 0.8324005023643332,
        "rare_auc": NaN,
        "frequent_auc": 0.8419099825230141,
        "per_site_auc": {
          "S03": NaN,
          "S08": 0.8006802559815527,
          "S13": NaN,
          "S15": NaN,
          "S19": NaN,
          "S22": 0.9053356127782589,
          "S23": NaN
        },
        "site_auc_std": 0.05232767839835312,
        "per_hour_auc": {
          "0-5": 0.7801305004347878,
          "18-23": 0.8846430846182753,
          "6-11": 0.8467265339824456
        },
        "first_pass_auc": 0.8207440556198214
      },
      "global_first_pass": {
        "macro_auc": 0.8840011992484545,
        "rare_auc": NaN,
        "frequent_auc": 0.8790718577547371,
        "per_site_auc": {
          "S03": 0.95,
          "S08": NaN,
          "S13": NaN,
          "S15": NaN,
          "S18": 0.6969696969696969,
          "S19": 0.5923630873216115,
          "S22": 0.890482166686445,
          "S23": NaN
        },
        "site_auc_std": 0.14420806848165485,
        "per_hour_auc": {
          "0-5": 0.8906448293584851,
          "18-23": 0.859430136937233,