{
  "config": {
    "seed": 42,
    "ensemble_w": 0.5,
    "lambda_prior": 0.0,
    "correction_weight": 0.0,
    "loss": "focal_bce",
    "focal_alpha": 0.1,
    "focal_gamma": 2.0,
    "label_smoothing": 0.03,
    "mask_secondary": false,
    "tta": "window_roll",
    "tta_shifts": [
      0,
      1,
      -1,
      2,
      -2
    ],
    "tta_shifts_secs": [
      0.0,
      1.25,
      -1.25,
      2.5,
      -2.5
    ],
    "smoothing": "gaussian",
    "smoothing_alpha": 0.2,
    "use_boost": true,
    "boost_threshold": 0.5,
    "boost_lift": 0.25,
    "file_conf_top_k": 2,
    "file_conf_power": 0.4,
    "rank_power": 0.4,
    "threshold_grid": [
      0.5
    ],
    "proto_n_epochs": 80,
    "proto_lr": 0.0008,
    "proto_patience": 20,
    "proto_pos_weight_cap": 25.0,
    "proto_distill_weight": 0.15,
    "proto_swa_start_frac": 0.65,
    "proto_swa_lr": 0.0004,
    "residual_n_epochs": 40,
    "residual_lr": 0.0008,
    "residual_patience": 12,
    "residual_d_model": 128,
    "residual_d_state": 16,
    "residual_dropout": 0.1,
    "mlp_pca_dim": 64,
    "mlp_alpha_blend": 0.4,
    "mlp_min_pos": 5,
    "n_sites_cap": 20,
    "name": "focal_a010"
  },
  "config_hash": "a3f3ab2ac3",
  "result": {
    "metrics": {
      "global": {
        "macro_auc": 0.8928392286884859,
        "rare_auc": NaN,
        "frequent_auc": 0.8954700664525068,
        "per_site_auc": {
          "S03": 0.9045454545454545,
          "S08": NaN,
          "S13": NaN,
          "S15": NaN,
          "S18": 0.6543209876543209,
          "S19": 0.5824971823720394,
          "S22": 0.9122906799507726,
          "S23": NaN
        },
        "site_auc_std": 0.14723665774684397,
        "per_hour_auc": {
          "0-5": 0.9132724650564736,
          "18-23": 0.8670900926015795,
          "6-11": 0.692769168459615
        },
        "first_pass_auc": 0.8898308094064763
      },
      "per_fold": {
        "0": {
          "final": {
            "macro_auc": 0.8857644967718251,
            "rare_auc": NaN,
            "frequent_auc": 0.8857644967718251,
            "per_site_auc": {
              "S22": 0.8857644967718251
            },
            "site_auc_std": 0.0,
            "per_hour_auc": {
              "0-5": 0.86930696434137,
              "18-23": 0.8645541464650927
            },
            "first_pass_auc": 0.842036973088914
          },
          "first_pass": {
            "macro_auc": 0.842036973088914,
            "rare_auc": NaN,
            "frequent_auc": 0.842036973088914,
            "per_site_auc": {
              "S22": 0.842036973088914
            },
            "site_auc_std": 0.0,
            "per_hour_auc": {
              "0-5": 0.9163341346153846,
              "18-23": 0.8179088448216016
            }
          }
        },
        "1": {
          "final": {
            "macro_auc": 0.9417654335212193,
            "rare_auc": NaN,
            "frequent_auc": 0.9335251767085241,
            "per_site_auc": {
              "S18": 0.6543209876543209,
              "S22": 0.9462024111154219
            },
            "site_auc_std": 0.1459407117305505,
            "per_hour_auc": {
              "0-5": NaN,
              "18-23": 0.95076954886568
            },
            "first_pass_auc": 0.9336498379328771
          },
          "first_pass": {
            "macro_auc": 0.9336498379328771,
            "rare_auc": NaN,
            "frequent_auc": 0.9234421206917813,
            "per_site_auc": {
              "S18": 0.6666666666666666,
              "S22": 0.9376298654041685
            },
            "site_auc_std": 0.13548159936875093,
            "per_hour_auc": {
              "0-5": NaN,
              "18-23": 0.9526942158216072
            }
          }
        },
        "2": {
          "final": {
            "macro_auc": 0.7989009675840661,
            "rare_auc": NaN,
            "frequent_auc": 0.7606822768196552,
            "per_site_auc": {
              "S19": 0.5824971823720394,
              "S22": 0.9112391490856654
            },
            "site_auc_std": 0.164370983356813,
            "per_hour_auc": {
              "0-5": 0.8999701468183368,
              "18-23": 0.7287864133196063
            },
            "first_pass_auc": 0.7899448487029765
          },
          "first_pass": {
            "macro_auc": 0.7899448487029765,
            "rare_auc": NaN,
            "frequent_auc": 0.7534501493522229,
            "per_site_auc": {
              "S19": 0.5561986805729655,
              "S22": 0.8958337415281796
            },
            "site_auc_std": 0.16981753047760706,
            "per_hour_auc": {
              "0-5": 0.8894725651105639,
              "18-23": 0.7242984370566267
            }
          }
        },
        "3": {
          "final": {
            "macro_auc": 0.9010903173063022,
            "rare_auc": NaN,
            "frequent_auc": 0.8825668252551736,
            "per_site_auc": {
              "S13": NaN,
              "S22": 0.8772580951743888,
              "S23": NaN
            },
            "site_auc_std": 0.0,
            "per_hour_auc": {
              "0-5": 0.8390271861751981,
              "18-23": NaN
            },
            "first_pass_auc": 0.8656983960204568
          },
          "first_pass": {
            "macro_auc": 0.8656983960204568,
            "rare_auc": NaN,
            "frequent_auc": 0.8447609525015922,
            "per_site_auc": {
              "S13": NaN,
              "S22": 0.8503122484586009,
              "S23": NaN
            },
            "site_auc_std": 0.0,
            "per_hour_auc": {
              "0-5": 0.814711550099622,
              "18-23": NaN
            }
          }
        },
        "4": {
          "final": {
            "macro_auc": 0.7493932512994773,
            "rare_auc": NaN,
            "frequent_auc": 0.7435778121481028,
            "per_site_auc": {
              "S03": 0.9045454545454545,
              "S08": NaN,
              "S15": NaN,
              "S22": NaN
            },
            "site_auc_std": 0.0,
            "per_hour_auc": {
              "0-5": NaN,
              "18-23": 0.7866962340335395,
              "6-11": 0.692769168459615
            },
            "first_pass_auc": 0.7594998972235507
          },
          "first_pass": {
            "macro_auc": 0.7594998972235507,
            "rare_auc": NaN,
            "frequent_auc": 0.7444459259553112,
            "per_site_auc": {
              "S03": 0.95,
              "S08": NaN,
              "S15": NaN,
              "S22": NaN
            },
            "site_auc_std": 0.0,
            "per_hour_auc": {
              "0-5": NaN,
              "18-23": 0.7849087736574353,
              "6-11": 0.7216177502494339
            }
          }
        }
      },
      "v_anchor": {
        "macro_auc": 0.8289466154882664,
        "rare_auc": NaN,
        "frequent_auc": 0.840656137670997,
        "per_site_auc": {
          "S03": NaN,
          "S08": 0.7998030629990965,
          "S13": NaN,
          "S15": NaN,
          "S19": NaN,
          "S22": 0.8984381459766045,
          "S23": NaN
        },
        "site_auc_std": 0.049317541488754,
        "per_hour_auc": {
          "0-5": 0.8025481792350531,
          "18-23": 0.8854698097051338,
          "6-11": 0.8228051252784282
        },
        "first_pass_auc": 0.8183965085345791
      },
      "global_first_pass": {
        "macro_auc": 0.8898308094064763,
        "rare_auc": NaN,
        "frequent_auc": 0.8845309571044582,
        "per_site_auc": {
          "S03": 0.95,
          "S08": NaN,
          "S13": NaN,
          "S15": NaN,
          "S18": 0.6666666666666666,
          "S19": 0.5561986805729655,
          "S22": 0.8968352792157864,
          "S23": NaN
        },
        "site_auc_std": 0.16190232452501446,
        "per_hour_auc": {
          "0-5": 0.8982257642771216,
          "18-23": 0.8551167058789199,
          "6-11": 0.7216177502494339
        }
      },