{
  "config": {
    "seed": 42,
    "ensemble_w": 0.5,
    "lambda_prior": 0.0,
    "correction_weight": 0.0,
    "loss": "focal_bce",
    "focal_alpha": 0.5,
    "focal_gamma": 2.0,
    "label_smoothing": 0.03,
    "mask_secondary": false,
    "tta": "window_roll",
    "tta_shifts": [
      0,
      1,
      -1,
      2,
      -2
    ],
    "tta_shifts_secs": [
      0.0,
      1.25,
      -1.25,
      2.5,
      -2.5
    ],
    "smoothing": "gaussian",
    "smoothing_alpha": 0.2,
    "use_boost": true,
    "boost_threshold": 0.5,
    "boost_lift": 0.25,
    "file_conf_top_k": 2,
    "file_conf_power": 0.4,
    "rank_power": 0.4,
    "threshold_grid": [
      0.5
    ],
    "proto_n_epochs": 80,
    "proto_lr": 0.0008,
    "proto_patience": 20,
    "proto_pos_weight_cap": 25.0,
    "proto_distill_weight": 0.15,
    "proto_swa_start_frac": 0.65,
    "proto_swa_lr": 0.0004,
    "residual_n_epochs": 40,
    "residual_lr": 0.0008,
    "residual_patience": 12,
    "residual_d_model": 128,
    "residual_d_state": 16,
    "residual_dropout": 0.1,
    "mlp_pca_dim": 64,
    "mlp_alpha_blend": 0.4,
    "mlp_min_pos": 5,
    "n_sites_cap": 20,
    "name": "focal_a050"
  },
  "config_hash": "6286859281",
  "result": {
    "metrics": {
      "global": {
        "macro_auc": 0.8882165285306768,
        "rare_auc": NaN,
        "frequent_auc": 0.8929287365331897,
        "per_site_auc": {
          "S03": 0.9045454545454545,
          "S08": NaN,
          "S13": NaN,
          "S15": NaN,
          "S18": 0.6543209876543209,
          "S19": 0.6446117336014231,
          "S22": 0.9133333754167866,
          "S23": NaN
        },
        "site_auc_std": 0.12981911889159098,
        "per_hour_auc": {
          "0-5": 0.9126336674181578,
          "18-23": 0.8748906083747915,
          "6-11": 0.6503151429590273
        },
        "first_pass_auc": 0.8860351044615202
      },
      "per_fold": {
        "0": {
          "final": {
            "macro_auc": 0.8848479906975315,
            "rare_auc": NaN,
            "frequent_auc": 0.8848479906975315,
            "per_site_auc": {
              "S22": 0.8848479906975315
            },
            "site_auc_std": 0.0,
            "per_hour_auc": {
              "0-5": 0.8738662958710295,
              "18-23": 0.8635326646400394
            },
            "first_pass_auc": 0.8447927043892773
          },
          "first_pass": {
            "macro_auc": 0.8447927043892773,
            "rare_auc": NaN,
            "frequent_auc": 0.8447927043892773,
            "per_site_auc": {
              "S22": 0.8447927043892773
            },
            "site_auc_std": 0.0,
            "per_hour_auc": {
              "0-5": 0.9249278846153846,
              "18-23": 0.8203960710790895
            }
          }
        },
        "1": {
          "final": {
            "macro_auc": 0.9410059358699059,
            "rare_auc": NaN,
            "frequent_auc": 0.9326488332647008,
            "per_site_auc": {
              "S18": 0.6543209876543209,
              "S22": 0.9454440945636641
            },
            "site_auc_std": 0.1455615534546716,
            "per_hour_auc": {
              "0-5": NaN,
              "18-23": 0.9500612302970753
            },
            "first_pass_auc": 0.9347335211140698
          },
          "first_pass": {
            "macro_auc": 0.9347335211140698,
            "rare_auc": NaN,
            "frequent_auc": 0.9246925243623882,
            "per_site_auc": {
              "S18": 0.6969696969696969,
              "S22": 0.9375773951340242
            },
            "site_auc_std": 0.12030384908216363,
            "per_hour_auc": {
              "0-5": NaN,
              "18-23": 0.9511652632134029
            }
          }
        },
        "2": {
          "final": {
            "macro_auc": 0.8144039040715102,
            "rare_auc": NaN,
            "frequent_auc": 0.7792395852597093,
            "per_site_auc": {
              "S19": 0.6446117336014231,
              "S22": 0.9093771484442743
            },
            "site_auc_std": 0.1323827074214256,
            "per_hour_auc": {
              "0-5": 0.9034564330570268,
              "18-23": 0.7785922554311235
            },
            "first_pass_auc": 0.8074399305180803
          },
          "first_pass": {
            "macro_auc": 0.8074399305180803,
            "rare_auc": NaN,
            "frequent_auc": 0.7752963621076979,
            "per_site_auc": {
              "S19": 0.6357034663833343,
              "S22": 0.8957938713987323
            },
            "site_auc_std": 0.13004520250769902,
            "per_hour_auc": {
              "0-5": 0.8899802629289122,
              "18-23": 0.7750833526442148
            }
          }
        },
        "3": {
          "final": {
            "macro_auc": 0.9078690340830802,
            "rare_auc": NaN,
            "frequent_auc": 0.8907012853873075,
            "per_site_auc": {
              "S13": NaN,
              "S22": 0.8788957647734846,
              "S23": NaN
            },
            "site_auc_std": 0.0,
            "per_hour_auc": {
              "0-5": 0.8309004055484176,
              "18-23": NaN
            },
            "first_pass_auc": 0.8838024234230598
          },
          "first_pass": {
            "macro_auc": 0.8838024234230598,
            "rare_auc": NaN,
            "frequent_auc": 0.8661972429086731,
            "per_site_auc": {
              "S13": NaN,
              "S22": 0.8544943875932058,
              "S23": NaN
            },
            "site_auc_std": 0.0,
            "per_hour_auc": {
              "0-5": 0.8274893278773998,
              "18-23": NaN
            }
          }
        },
        "4": {
          "final": {
            "macro_auc": 0.7095688654948378,
            "rare_auc": NaN,
            "frequent_auc": 0.6922348744032906,
            "per_site_auc": {
              "S03": 0.9045454545454545,
              "S08": NaN,
              "S15": NaN,
              "S22": NaN
            },
            "site_auc_std": 0.0,
            "per_hour_auc": {
              "0-5": NaN,
              "18-23": 0.786565870116411,
              "6-11": 0.6503151429590273
            },
            "first_pass_auc": 0.7151185113675189
          },
          "first_pass": {
            "macro_auc": 0.7151185113675189,
            "rare_auc": NaN,
            "frequent_auc": 0.6875532496004543,
            "per_site_auc": {
              "S03": 0.95,
              "S08": NaN,
              "S15": NaN,
              "S22": NaN
            },
            "site_auc_std": 0.0,
            "per_hour_auc": {
              "0-5": NaN,
              "18-23": 0.784859542088455,
              "6-11": 0.6954653090164724
            }
          }
        }
      },
      "v_anchor": {
        "macro_auc": 0.8340387240020197,
        "rare_auc": NaN,
        "frequent_auc": 0.8450518493654731,
        "per_site_auc": {
          "S03": NaN,
          "S08": 0.8034262514048937,
          "S13": NaN,
          "S15": NaN,
          "S19": NaN,
          "S22": 0.9015215038425713,
          "S23": NaN
        },
        "site_auc_std": 0.04904762621883885,
        "per_hour_auc": {
          "0-5": 0.7711409008765553,
          "18-23": 0.8835246169457139,
          "6-11": 0.8571247710111173
        },
        "first_pass_auc": 0.8236017010553273
      },
      "global_first_pass": {
        "macro_auc": 0.8860351044615202,
        "rare_auc": NaN,
        "frequent_auc": 0.8828010620323825,
        "per_site_auc": {
          "S03": 0.95,
          "S08": NaN,
          "S13": NaN,
          "S15": NaN,
          "S18": 0.6969696969696969,
          "S19": 0.6357034663833343,
          "S22": 0.8996798248651142,
          "S23": NaN
        },
        "site_auc_std": 0.13225619789815227,
        "per_hour_auc": {
          "0-5": 0.899886264232952,
          "18-23": 0.8632779517102218,
          "6-11": 0.6954653090164724
        }
      },