{
  "config": {
    "seed": 42,
    "ensemble_w": 0.5,
    "lambda_prior": 0.0,
    "correction_weight": 0.0,
    "loss": "focal_bce",
    "focal_alpha": 0.25,
    "focal_gamma": 3.0,
    "label_smoothing": 0.03,
    "mask_secondary": false,
    "tta": "window_roll",
    "tta_shifts": [
      0,
      1,
      -1,
      2,
      -2
    ],
    "tta_shifts_secs": [
      0.0,
      1.25,
      -1.25,
      2.5,
      -2.5
    ],
    "smoothing": "gaussian",
    "smoothing_alpha": 0.2,
    "use_boost": true,
    "boost_threshold": 0.5,
    "boost_lift": 0.25,
    "file_conf_top_k": 2,
    "file_conf_power": 0.4,
    "rank_power": 0.4,
    "threshold_grid": [
      0.5
    ],
    "proto_n_epochs": 80,
    "proto_lr": 0.0008,
    "proto_patience": 20,
    "proto_pos_weight_cap": 25.0,
    "proto_distill_weight": 0.15,
    "proto_swa_start_frac": 0.65,
    "proto_swa_lr": 0.0004,
    "residual_n_epochs": 40,
    "residual_lr": 0.0008,
    "residual_patience": 12,
    "residual_d_model": 128,
    "residual_d_state": 16,
    "residual_dropout": 0.1,
    "mlp_pca_dim": 64,
    "mlp_alpha_blend": 0.4,
    "mlp_min_pos": 5,
    "n_sites_cap": 20,
    "name": "focal_g3"
  },
  "config_hash": "be1fa96ed7",
  "result": {
    "metrics": {
      "global": {
        "macro_auc": 0.8918576550474515,
        "rare_auc": NaN,
        "frequent_auc": 0.8947248467101518,
        "per_site_auc": {
          "S03": 0.9045454545454545,
          "S08": NaN,
          "S13": NaN,
          "S15": NaN,
          "S18": 0.6543209876543209,
          "S19": 0.5813187311935881,
          "S22": 0.9131578323420774,
          "S23": NaN
        },
        "site_auc_std": 0.14781851250738975,
        "per_hour_auc": {
          "0-5": 0.9164824467226372,
          "18-23": 0.8687995663061988,
          "6-11": 0.7077907270167366
        },
        "first_pass_auc": 0.8885817432539869
      },
      "per_fold": {
        "0": {
          "final": {
            "macro_auc": 0.8856483634525596,
            "rare_auc": NaN,
            "frequent_auc": 0.8856483634525596,
            "per_site_auc": {
              "S22": 0.8856483634525596
            },
            "site_auc_std": 0.0,
            "per_hour_auc": {
              "0-5": 0.8723232106252793,
              "18-23": 0.8646494885614397
            },
            "first_pass_auc": 0.84181608875742
          },
          "first_pass": {
            "macro_auc": 0.84181608875742,
            "rare_auc": NaN,
            "frequent_auc": 0.84181608875742,
            "per_site_auc": {
              "S22": 0.84181608875742
            },
            "site_auc_std": 0.0,
            "per_hour_auc": {
              "0-5": 0.9210216346153846,
              "18-23": 0.8170488872787437
            }
          }
        },
        "1": {
          "final": {
            "macro_auc": 0.9414914528830671,
            "rare_auc": NaN,
            "frequent_auc": 0.9332090452029639,
            "per_site_auc": {
              "S18": 0.6543209876543209,
              "S22": 0.9457950994843902
            },
            "site_auc_std": 0.14573705591503466,
            "per_hour_auc": {
              "0-5": NaN,
              "18-23": 0.9507315006168037
            },
            "first_pass_auc": 0.9335669576596237
          },
          "first_pass": {
            "macro_auc": 0.9335669576596237,
            "rare_auc": NaN,
            "frequent_auc": 0.9233464896072582,
            "per_site_auc": {
              "S18": 0.6666666666666666,
              "S22": 0.9371500862876998
            },
            "site_auc_std": 0.13524170981051659,
            "per_hour_auc": {
              "0-5": NaN,
              "18-23": 0.9516845771404223
            }
          }
        },
        "2": {
          "final": {
            "macro_auc": 0.7994580956609437,
            "rare_auc": NaN,
            "frequent_auc": 0.7611684984653002,
            "per_site_auc": {
              "S19": 0.5813187311935881,
              "S22": 0.9109795772318409
            },
            "site_auc_std": 0.16483042301912637,
            "per_hour_auc": {
              "0-5": 0.9006545752371402,
              "18-23": 0.7304224213910363
            },
            "first_pass_auc": 0.7941005261815172
          },
          "first_pass": {
            "macro_auc": 0.7941005261815172,
            "rare_auc": NaN,
            "frequent_auc": 0.7554583731970412,
            "per_site_auc": {
              "S19": 0.5630323528372597,
              "S22": 0.8958689670328674
            },
            "site_auc_std": 0.16641830709780386,
            "per_hour_auc": {
              "0-5": 0.8898666129540602,
              "18-23": 0.7327520779657495
            }
          }
        },
        "3": {
          "final": {
            "macro_auc": 0.8972811542841659,
            "rare_auc": NaN,
            "frequent_auc": 0.87799582962861,
            "per_site_auc": {
              "S13": NaN,
              "S22": 0.8787910301580282,
              "S23": NaN
            },
            "site_auc_std": 0.0,
            "per_hour_auc": {
              "0-5": 0.8309253343233464,
              "18-23": NaN
            },
            "first_pass_auc": 0.8682459895372837
          },
          "first_pass": {
            "macro_auc": 0.8682459895372837,
            "rare_auc": NaN,
            "frequent_auc": 0.8478180647217843,
            "per_site_auc": {
              "S13": NaN,
              "S22": 0.8510510124588155,
              "S23": NaN
            },
            "site_auc_std": 0.0,
            "per_hour_auc": {
              "0-5": 0.8236930315811034,
              "18-23": NaN
            }
          }
        },
        "4": {
          "final": {
            "macro_auc": 0.741452450810821,
            "rare_auc": NaN,
            "frequent_auc": 0.7342824935284535,
            "per_site_auc": {
              "S03": 0.9045454545454545,
              "S08": NaN,
              "S15": NaN,
              "S22": NaN
            },
            "site_auc_std": 0.0,
            "per_hour_auc": {
              "0-5": NaN,
              "18-23": 0.7871126578874634,
              "6-11": 0.7077907270167366
            },
            "first_pass_auc": 0.7488708080850848
          },
          "first_pass": {
            "macro_auc": 0.7488708080850848,
            "rare_auc": NaN,
            "frequent_auc": 0.7340158895835558,
            "per_site_auc": {
              "S03": 0.95,
              "S08": NaN,
              "S15": NaN,
              "S22": NaN
            },
            "site_auc_std": 0.0,
            "per_hour_auc": {
              "0-5": NaN,
              "18-23": 0.7848025087819008,
              "6-11": 0.7282256953502102
            }
          }
        }
      },
      "v_anchor": {
        "macro_auc": 0.8241496224421079,
        "rare_auc": NaN,
        "frequent_auc": 0.8413598641611543,
        "per_site_auc": {
          "S03": NaN,
          "S08": 0.8034262514048937,
          "S13": NaN,
          "S15": NaN,
          "S19": NaN,
          "S22": 0.8993681419066005,
          "S23": NaN
        },
        "site_auc_std": 0.047970945250853436,
        "per_hour_auc": {
          "0-5": 0.7956162364037199,
          "18-23": 0.8780033661226383,
          "6-11": 0.8252407130401028
        },
        "first_pass_auc": 0.8148981341213762
      },
      "global_first_pass": {
        "macro_auc": 0.8885817432539869,
        "rare_auc": NaN,
        "frequent_auc": 0.8842313881107698,
        "per_site_auc": {
          "S03": 0.95,
          "S08": NaN,
          "S13": NaN,
          "S15": NaN,
          "S18": 0.6666666666666666,
          "S19": 0.5630323528372597,
          "S22": 0.8979071998626295,
          "S23": NaN
        },
        "site_auc_std": 0.15990012818954108,
        "per_hour_auc": {
          "0-5": 0.9016443257568365,
          "18-23": 0.8571218739293893,
          "6-11": 0.7282256953502102
        }
      },