{
  "config": {
    "seed": 42,
    "ensemble_w": 0.5,
    "lambda_prior": 0.0,
    "correction_weight": 0.0,
    "loss": "focal_bce",
    "focal_alpha": 0.25,
    "focal_gamma": 1.0,
    "label_smoothing": 0.03,
    "mask_secondary": false,
    "tta": "window_roll",
    "tta_shifts": [
      0,
      1,
      -1,
      2,
      -2
    ],
    "tta_shifts_secs": [
      0.0,
      1.25,
      -1.25,
      2.5,
      -2.5
    ],
    "smoothing": "gaussian",
    "smoothing_alpha": 0.2,
    "use_boost": true,
    "boost_threshold": 0.5,
    "boost_lift": 0.25,
    "file_conf_top_k": 2,
    "file_conf_power": 0.4,
    "rank_power": 0.4,
    "threshold_grid": [
      0.5
    ],
    "proto_n_epochs": 80,
    "proto_lr": 0.0008,
    "proto_patience": 20,
    "proto_pos_weight_cap": 25.0,
    "proto_distill_weight": 0.15,
    "proto_swa_start_frac": 0.65,
    "proto_swa_lr": 0.0004,
    "residual_n_epochs": 40,
    "residual_lr": 0.0008,
    "residual_patience": 12,
    "residual_d_model": 128,
    "residual_d_state": 16,
    "residual_dropout": 0.1,
    "mlp_pca_dim": 64,
    "mlp_alpha_blend": 0.4,
    "mlp_min_pos": 5,
    "n_sites_cap": 20,
    "name": "focal_g1"
  },
  "config_hash": "39df5f83ab",
  "result": {
    "metrics": {
      "global": {
        "macro_auc": 0.8934891753281213,
        "rare_auc": NaN,
        "frequent_auc": 0.8949410895599144,
        "per_site_auc": {
          "S03": 0.9045454545454545,
          "S08": NaN,
          "S13": NaN,
          "S15": NaN,
          "S18": 0.6543209876543209,
          "S19": 0.5814339181508804,
          "S22": 0.9120669275407423,
          "S23": NaN
        },
        "site_auc_std": 0.14750711903692218,
        "per_hour_auc": {
          "0-5": 0.9105616949731324,
          "18-23": 0.8709535163551724,
          "6-11": 0.6711726928145988
        },
        "first_pass_auc": 0.8891918832743702
      },
      "per_fold": {
        "0": {
          "final": {
            "macro_auc": 0.8842187071545784,
            "rare_auc": NaN,
            "frequent_auc": 0.8842187071545784,
            "per_site_auc": {
              "S22": 0.8842187071545784
            },
            "site_auc_std": 0.0,
            "per_hour_auc": {
              "0-5": 0.8725443180202997,
              "18-23": 0.8608820223616143
            },
            "first_pass_auc": 0.8417080279871728
          },
          "first_pass": {
            "macro_auc": 0.8417080279871728,
            "rare_auc": NaN,
            "frequent_auc": 0.8417080279871728,
            "per_site_auc": {
              "S22": 0.8417080279871728
            },
            "site_auc_std": 0.0,
            "per_hour_auc": {
              "0-5": 0.9210216346153846,
              "18-23": 0.8160244180368558
            }
          }
        },
        "1": {
          "final": {
            "macro_auc": 0.9414873585620654,
            "rare_auc": NaN,
            "frequent_auc": 0.9332043209864234,
            "per_site_auc": {
              "S18": 0.6543209876543209,
              "S22": 0.9457869837092812
            },
            "site_auc_std": 0.14573299802748013,
            "per_hour_auc": {
              "0-5": NaN,
              "18-23": 0.9507794831062578
            },
            "first_pass_auc": 0.9334197210604432
          },
          "first_pass": {
            "macro_auc": 0.9334197210604432,
            "rare_auc": NaN,
            "frequent_auc": 0.9231766012235882,
            "per_site_auc": {
              "S18": 0.6666666666666666,
              "S22": 0.9369886244827803
            },
            "site_auc_std": 0.13516097890805684,
            "per_hour_auc": {
              "0-5": NaN,
              "18-23": 0.9518138819281122
            }
          }
        },
        "2": {
          "final": {
            "macro_auc": 0.8118845682127703,
            "rare_auc": NaN,
            "frequent_auc": 0.7761948725730532,
            "per_site_auc": {
              "S19": 0.5814339181508804,
              "S22": 0.9113066416974477
            },
            "site_auc_std": 0.16493636177328364,
            "per_hour_auc": {
              "0-5": 0.9018898850662,
              "18-23": 0.756212793017235
            },
            "first_pass_auc": 0.8038936265629306
          },
          "first_pass": {
            "macro_auc": 0.8038936265629306,
            "rare_auc": NaN,
            "frequent_auc": 0.7666675996205252,
            "per_site_auc": {
              "S19": 0.5677270073186835,
              "S22": 0.8959527081781363
            },
            "site_auc_std": 0.1641128504297264,
            "per_hour_auc": {
              "0-5": 0.8905957908431645,
              "18-23": 0.7535911849208601
            }
          }
        },
        "3": {
          "final": {
            "macro_auc": 0.9054570138648099,
            "rare_auc": NaN,
            "frequent_auc": 0.8878068611253829,
            "per_site_auc": {
              "S13": NaN,
              "S22": 0.8776868806843133,
              "S23": NaN
            },
            "site_auc_std": 0.0,
            "per_hour_auc": {
              "0-5": 0.8281938528418649,
              "18-23": NaN
            },
            "first_pass_auc": 0.8750358674412905
          },
          "first_pass": {
            "macro_auc": 0.8750358674412905,
            "rare_auc": NaN,
            "frequent_auc": 0.8560220349293761,
            "per_site_auc": {
              "S13": NaN,
              "S22": 0.8504951896807706,
              "S23": NaN
            },
            "site_auc_std": 0.0,
            "per_hour_auc": {
              "0-5": 0.8237393278773998,
              "18-23": NaN
            }
          }
        },
        "4": {
          "final": {
            "macro_auc": 0.7398258871632045,
            "rare_auc": NaN,
            "frequent_auc": 0.7258544626581164,
            "per_site_auc": {
              "S03": 0.9045454545454545,
              "S08": NaN,
              "S15": NaN,
              "S22": NaN
            },
            "site_auc_std": 0.0,
            "per_hour_auc": {
              "0-5": NaN,
              "18-23": 0.7844125801873857,
              "6-11": 0.6711726928145988
            },
            "first_pass_auc": 0.7437133255248881
          },
          "first_pass": {
            "macro_auc": 0.7437133255248881,
            "rare_auc": NaN,
            "frequent_auc": 0.7223942217780768,
            "per_site_auc": {
              "S03": 0.95,
              "S08": NaN,
              "S15": NaN,
              "S22": NaN
            },
            "site_auc_std": 0.0,
            "per_hour_auc": {
              "0-5": NaN,
              "18-23": 0.7848786800386274,
              "6-11": 0.6922452024530693
            }
          }
        }
      },
      "v_anchor": {
        "macro_auc": 0.8334650571382375,
        "rare_auc": NaN,
        "frequent_auc": 0.8419294737083817,
        "per_site_auc": {
          "S03": NaN,
          "S08": 0.7998030629990965,
          "S13": NaN,
          "S15": NaN,
          "S19": NaN,
          "S22": 0.8989448614833201,
          "S23": NaN
        },
        "site_auc_std": 0.04957089924211178,
        "per_hour_auc": {
          "0-5": 0.7867529959856016,
          "18-23": 0.8855083667678828,
          "6-11": 0.8571247710111173
        },
        "first_pass_auc": 0.8231759439801163
      },
      "global_first_pass": {
        "macro_auc": 0.8891918832743702,
        "rare_auc": NaN,
        "frequent_auc": 0.8838852655622431,
        "per_site_auc": {
          "S03": 0.95,
          "S08": NaN,
          "S13": NaN,
          "S15": NaN,
          "S18": 0.6666666666666666,
          "S19": 0.5677270073186835,
          "S22": 0.897834070780398,
          "S23": NaN
        },
        "site_auc_std": 0.15837648995876577,
        "per_hour_auc": {
          "0-5": 0.8963336053133251,
          "18-23": 0.8591497204361348,
          "6-11": 0.6922452024530693
        }
      },