{
  "config": {
    "seed": 42,
    "ensemble_w": 0.5,
    "lambda_prior": 0.0,
    "correction_weight": 0.0,
    "loss": "focal_bce",
    "focal_alpha": 0.25,
    "focal_gamma": 2.0,
    "label_smoothing": 0.0,
    "mask_secondary": false,
    "tta": "window_roll",
    "tta_shifts": [
      0,
      1,
      -1,
      2,
      -2
    ],
    "tta_shifts_secs": [
      0.0,
      1.25,
      -1.25,
      2.5,
      -2.5
    ],
    "smoothing": "gaussian",
    "smoothing_alpha": 0.2,
    "use_boost": true,
    "boost_threshold": 0.5,
    "boost_lift": 0.25,
    "file_conf_top_k": 2,
    "file_conf_power": 0.4,
    "rank_power": 0.4,
    "threshold_grid": [
      0.5
    ],
    "proto_n_epochs": 80,
    "proto_lr": 0.0008,
    "proto_patience": 20,
    "proto_pos_weight_cap": 25.0,
    "proto_distill_weight": 0.15,
    "proto_swa_start_frac": 0.65,
    "proto_swa_lr": 0.0004,
    "residual_n_epochs": 40,
    "residual_lr": 0.0008,
    "residual_patience": 12,
    "residual_d_model": 128,
    "residual_d_state": 16,
    "residual_dropout": 0.1,
    "mlp_pca_dim": 64,
    "mlp_alpha_blend": 0.4,
    "mlp_min_pos": 5,
    "n_sites_cap": 20,
    "name": "ls_0"
  },
  "config_hash": "85f06cb46f",
  "result": {
    "metrics": {
      "global": {
        "macro_auc": 0.8931745826539335,
        "rare_auc": NaN,
        "frequent_auc": 0.8959067812448656,
        "per_site_auc": {
          "S03": 0.9045454545454545,
          "S08": NaN,
          "S13": NaN,
          "S15": NaN,
          "S18": 0.6543209876543209,
          "S19": 0.582107318824281,
          "S22": 0.9122020085633221,
          "S23": NaN
        },
        "site_auc_std": 0.14733405858851079,
        "per_hour_auc": {
          "0-5": 0.9121473405671399,
          "18-23": 0.867279482920316,
          "6-11": 0.6932673807695258
        },
        "first_pass_auc": 0.888772183925109
      },
      "per_fold": {
        "0": {
          "final": {
            "macro_auc": 0.8849619474474216,
            "rare_auc": NaN,
            "frequent_auc": 0.8849619474474216,
            "per_site_auc": {
              "S22": 0.8849619474474216
            },
            "site_auc_std": 0.0,
            "per_hour_auc": {
              "0-5": 0.87086946434137,
              "18-23": 0.8627312416505366
            },
            "first_pass_auc": 0.8415725982660979
          },
          "first_pass": {
            "macro_auc": 0.8415725982660979,
            "rare_auc": NaN,
            "frequent_auc": 0.8415725982660979,
            "per_site_auc": {
              "S22": 0.8415725982660979
            },
            "site_auc_std": 0.0,
            "per_hour_auc": {
              "0-5": 0.9186778846153846,
              "18-23": 0.8164689258569453
            }
          }
        },
        "1": {
          "final": {
            "macro_auc": 0.9416698917017413,
            "rare_auc": NaN,
            "frequent_auc": 0.933414936147588,
            "per_site_auc": {
              "S18": 0.6543209876543209,
              "S22": 0.9460479261241594
            },
            "site_auc_std": 0.14586346923491927,
            "per_hour_auc": {
              "0-5": NaN,
              "18-23": 0.9508529835909033
            },
            "first_pass_auc": 0.9335333671102588
          },
          "first_pass": {
            "macro_auc": 0.9335333671102588,
            "rare_auc": NaN,
            "frequent_auc": 0.9233077312810678,
            "per_site_auc": {
              "S18": 0.6666666666666666,
              "S22": 0.9375464256908884
            },
            "site_auc_std": 0.1354398795121109,
            "per_hour_auc": {
              "0-5": NaN,
              "18-23": 0.9522653592249875
            }
          }
        },
        "2": {
          "final": {
            "macro_auc": 0.7995690608675879,
            "rare_auc": NaN,
            "frequent_auc": 0.7612866268394113,
            "per_site_auc": {
              "S19": 0.582107318824281,
              "S22": 0.9112327333157029
            },
            "site_auc_std": 0.16456270724571093,
            "per_hour_auc": {
              "0-5": 0.9008048156217556,
              "18-23": 0.729762689999415
            },
            "first_pass_auc": 0.7926570853032758
          },
          "first_pass": {
            "macro_auc": 0.7926570853032758,
            "rare_auc": NaN,
            "frequent_auc": 0.7542108479720078,
            "per_site_auc": {
              "S19": 0.5591448085190934,
              "S22": 0.8963187232888934
            },
            "site_auc_std": 0.16858695738489998,
            "per_hour_auc": {
              "0-5": 0.8903286968260706,
              "18-23": 0.7293719912481528
            }
          }
        },
        "3": {
          "final": {
            "macro_auc": 0.9027328817342372,
            "rare_auc": NaN,
            "frequent_auc": 0.8845379025686956,
            "per_site_auc": {
              "S13": NaN,
              "S22": 0.8781416795086774,
              "S23": NaN
            },
            "site_auc_std": 0.0,
            "per_hour_auc": {
              "0-5": 0.8311568158048278,
              "18-23": NaN
            },
            "first_pass_auc": 0.8688051698643638
          },
          "first_pass": {
            "macro_auc": 0.8688051698643638,
            "rare_auc": NaN,
            "frequent_auc": 0.8485451978370641,
            "per_site_auc": {
              "S13": NaN,
              "S22": 0.8504951896807706,
              "S23": NaN
            },
            "site_auc_std": 0.0,
            "per_hour_auc": {
              "0-5": 0.8224430315811035,
              "18-23": NaN
            }
          }
        },
        "4": {
          "final": {
            "macro_auc": 0.7522537460378452,
            "rare_auc": NaN,
            "frequent_auc": 0.7480430726827879,
            "per_site_auc": {
              "S03": 0.9045454545454545,
              "S08": NaN,
              "S15": NaN,
              "S22": NaN
            },
            "site_auc_std": 0.0,
            "per_hour_auc": {
              "0-5": NaN,
              "18-23": 0.7860952724950779,
              "6-11": 0.6932673807695258
            },
            "first_pass_auc": 0.7536835736208207
          },
          "first_pass": {
            "macro_auc": 0.7536835736208207,
            "rare_auc": NaN,
            "frequent_auc": 0.7395462152458159,
            "per_site_auc": {
              "S03": 0.95,
              "S08": NaN,
              "S15": NaN,
              "S22": NaN
            },
            "site_auc_std": 0.0,
            "per_hour_auc": {
              "0-5": NaN,
              "18-23": 0.7852877050708494,
              "6-11": 0.7185520026408032
            }
          }
        }
      },
      "v_anchor": {
        "macro_auc": 0.832965141500981,
        "rare_auc": NaN,
        "frequent_auc": 0.8412852422467108,
        "per_site_auc": {
          "S03": NaN,
          "S08": 0.7998030629990965,
          "S13": NaN,
          "S15": NaN,
          "S19": NaN,
          "S22": 0.8989768665153252,
          "S23": NaN
        },
        "site_auc_std": 0.04958690175811431,
        "per_hour_auc": {
          "0-5": 0.7995304511411054,
          "18-23": 0.8857094186042839,
          "6-11": 0.8401964296262542
        },
        "first_pass_auc": 0.8222173476340396
      },
      "global_first_pass": {
        "macro_auc": 0.888772183925109,
        "rare_auc": NaN,
        "frequent_auc": 0.8842628041756961,
        "per_site_auc": {
          "S03": 0.95,
          "S08": NaN,
          "S13": NaN,
          "S15": NaN,
          "S18": 0.6666666666666666,
          "S19": 0.5591448085190934,
          "S22": 0.8972756473755478,
          "S23": NaN
        },
        "site_auc_std": 0.16103169951788354,
        "per_hour_auc": {
          "0-5": 0.8981637971695988,
          "18-23": 0.8561354272613295,
          "6-11": 0.7185520026408032
        }
      },