{
  "config": {
    "seed": 42,
    "ensemble_w": 0.5,
    "lambda_prior": 0.0,
    "correction_weight": 0.0,
    "loss": "focal_bce",
    "focal_alpha": 0.25,
    "focal_gamma": 2.0,
    "label_smoothing": 0.1,
    "mask_secondary": false,
    "tta": "window_roll",
    "tta_shifts": [
      0,
      1,
      -1,
      2,
      -2
    ],
    "tta_shifts_secs": [
      0.0,
      1.25,
      -1.25,
      2.5,
      -2.5
    ],
    "smoothing": "gaussian",
    "smoothing_alpha": 0.2,
    "use_boost": true,
    "boost_threshold": 0.5,
    "boost_lift": 0.25,
    "file_conf_top_k": 2,
    "file_conf_power": 0.4,
    "rank_power": 0.4,
    "threshold_grid": [
      0.5
    ],
    "proto_n_epochs": 80,
    "proto_lr": 0.0008,
    "proto_patience": 20,
    "proto_pos_weight_cap": 25.0,
    "proto_distill_weight": 0.15,
    "proto_swa_start_frac": 0.65,
    "proto_swa_lr": 0.0004,
    "residual_n_epochs": 40,
    "residual_lr": 0.0008,
    "residual_patience": 12,
    "residual_d_model": 128,
    "residual_d_state": 16,
    "residual_dropout": 0.1,
    "mlp_pca_dim": 64,
    "mlp_alpha_blend": 0.4,
    "mlp_min_pos": 5,
    "n_sites_cap": 20,
    "name": "ls_10"
  },
  "config_hash": "2425865b35",
  "result": {
    "metrics": {
      "global": {
        "macro_auc": 0.8924354554862297,
        "rare_auc": NaN,
        "frequent_auc": 0.8950004980232108,
        "per_site_auc": {
          "S03": 0.9045454545454545,
          "S08": NaN,
          "S13": NaN,
          "S15": NaN,
          "S18": 0.6543209876543209,
          "S19": 0.5844265484162379,
          "S22": 0.9132730773164448,
          "S23": NaN
        },
        "site_auc_std": 0.1468941000853277,
        "per_hour_auc": {
          "0-5": 0.9170213924923482,
          "18-23": 0.8738422019417695,
          "6-11": 0.6690591584545252
        },
        "first_pass_auc": 0.888905852520712
      },
      "per_fold": {
        "0": {
          "final": {
            "macro_auc": 0.8847847839928313,
            "rare_auc": NaN,
            "frequent_auc": 0.8847847839928313,
            "per_site_auc": {
              "S22": 0.8847847839928313
            },
            "site_auc_std": 0.0,
            "per_hour_auc": {
              "0-5": 0.8710091530138865,
              "18-23": 0.8629266843494581
            },
            "first_pass_auc": 0.8432395038450434
          },
          "first_pass": {
            "macro_auc": 0.8432395038450434,
            "rare_auc": NaN,
            "frequent_auc": 0.8432395038450434,
            "per_site_auc": {
              "S22": 0.8432395038450434
            },
            "site_auc_std": 0.0,
            "per_hour_auc": {
              "0-5": 0.9218028846153846,
              "18-23": 0.818200725099262
            }
          }
        },
        "1": {
          "final": {
            "macro_auc": 0.9411313247202386,
            "rare_auc": NaN,
            "frequent_auc": 0.9327935127073925,
            "per_site_auc": {
              "S18": 0.6543209876543209,
              "S22": 0.945456583306206
            },
            "site_auc_std": 0.14556779782594254,
            "per_hour_auc": {
              "0-5": NaN,
              "18-23": 0.9502628811034989
            },
            "first_pass_auc": 0.9340590430854443
          },
          "first_pass": {
            "macro_auc": 0.9340590430854443,
            "rare_auc": NaN,
            "frequent_auc": 0.923914280483205,
            "per_site_auc": {
              "S18": 0.6666666666666666,
              "S22": 0.9370878385327422
            },
            "site_auc_std": 0.1352105859330378,
            "per_hour_auc": {
              "0-5": NaN,
              "18-23": 0.9516460518300007
            }
          }
        },
        "2": {
          "final": {
            "macro_auc": 0.8159001156099627,
            "rare_auc": NaN,
            "frequent_auc": 0.7808837997456435,
            "per_site_auc": {
              "S19": 0.5844265484162379,
              "S22": 0.9101234127016051
            },
            "site_auc_std": 0.16284843214268363,
            "per_hour_auc": {
              "0-5": 0.9017396446815847,
              "18-23": 0.7692587295098676
            },
            "first_pass_auc": 0.8077873728649495
          },
          "first_pass": {
            "macro_auc": 0.8077873728649495,
            "rare_auc": NaN,
            "frequent_auc": 0.7714782695581411,
            "per_site_auc": {
              "S19": 0.5782302791332592,
              "S22": 0.8955054388525997
            },
            "site_auc_std": 0.15863757985967025,
            "per_hour_auc": {
              "0-5": 0.8890284361923003,
              "18-23": 0.7656381196102182
            }
          }
        },
        "3": {
          "final": {
            "macro_auc": 0.908861682127692,
            "rare_auc": NaN,
            "frequent_auc": 0.8918924630408416,
            "per_site_auc": {
              "S13": NaN,
              "S22": 0.8792958266135287,
              "S23": NaN
            },
            "site_auc_std": 0.0,
            "per_hour_auc": {
              "0-5": 0.8334467018447138,
              "18-23": NaN
            },
            "first_pass_auc": 0.882941244099866
          },
          "first_pass": {
            "macro_auc": 0.882941244099866,
            "rare_auc": NaN,
            "frequent_auc": 0.8652760611664074,
            "per_site_auc": {
              "S13": NaN,
              "S22": 0.8523754170898087,
              "S23": NaN
            },
            "site_auc_std": 0.0,
            "per_hour_auc": {
              "0-5": 0.8305448834329553,
              "18-23": NaN
            }
          }
        },
        "4": {
          "final": {
            "macro_auc": 0.7264268054987308,
            "rare_auc": NaN,
            "frequent_auc": 0.7094320644047497,
            "per_site_auc": {
              "S03": 0.9045454545454545,
              "S08": NaN,
              "S15": NaN,
              "S22": NaN
            },
            "site_auc_std": 0.0,
            "per_hour_auc": {
              "0-5": NaN,
              "18-23": 0.7861409478164887,
              "6-11": 0.6690591584545252
            },
            "first_pass_auc": 0.7288665966352214
          },
          "first_pass": {
            "macro_auc": 0.7288665966352214,
            "rare_auc": NaN,
            "frequent_auc": 0.7006279736475186,
            "per_site_auc": {
              "S03": 0.95,
              "S08": NaN,
              "S15": NaN,
              "S22": NaN
            },
            "site_auc_std": 0.0,
            "per_hour_auc": {
              "0-5": NaN,
              "18-23": 0.784859542088455,
              "6-11": 0.7014370736459907
            }
          }
        }
      },
      "v_anchor": {
        "macro_auc": 0.8331130727646445,
        "rare_auc": NaN,
        "frequent_auc": 0.8434808745234277,
        "per_site_auc": {
          "S03": NaN,
          "S08": 0.8034262514048937,
          "S13": NaN,
          "S15": NaN,
          "S19": NaN,
          "S22": 0.898655501085264,
          "S23": NaN
        },
        "site_auc_std": 0.047614624840185193,
        "per_hour_auc": {
          "0-5": 0.777181196398558,
          "18-23": 0.8839353746855162,
          "6-11": 0.8484291188372042
        },
        "first_pass_auc": 0.8232611468852054
      },
      "global_first_pass": {
        "macro_auc": 0.888905852520712,
        "rare_auc": NaN,
        "frequent_auc": 0.8837034057109445,
        "per_site_auc": {
          "S03": 0.95,
          "S08": NaN,
          "S13": NaN,
          "S15": NaN,
          "S18": 0.6666666666666666,
          "S19": 0.5782302791332592,
          "S22": 0.8989237289887945,
          "S23": NaN
        },
        "site_auc_std": 0.15526346862072682,
        "per_hour_auc": {
          "0-5": 0.9017528928062027,
          "18-23": 0.8612888704604349,
          "6-11": 0.7014370736459907
        }
      },