{
  "config": {
    "seed": 42,
    "ensemble_w": 0.0,
    "lambda_prior": 0.0,
    "correction_weight": 0.0,
    "loss": "focal_bce",
    "focal_alpha": 0.25,
    "focal_gamma": 2.0,
    "label_smoothing": 0.03,
    "mask_secondary": false,
    "tta": "window_roll",
    "tta_shifts": [
      0,
      1,
      -1,
      2,
      -2
    ],
    "tta_shifts_secs": [
      0.0,
      1.25,
      -1.25,
      2.5,
      -2.5
    ],
    "smoothing": "none",
    "smoothing_alpha": 0.2,
    "use_boost": false,
    "boost_threshold": 0.5,
    "boost_lift": 0.25,
    "file_conf_top_k": 2,
    "file_conf_power": 0.0,
    "rank_power": 0.0,
    "threshold_grid": [
      0.5
    ],
    "proto_n_epochs": 80,
    "proto_lr": 0.0008,
    "proto_patience": 20,
    "proto_pos_weight_cap": 25.0,
    "proto_distill_weight": 0.15,
    "proto_swa_start_frac": 0.65,
    "proto_swa_lr": 0.0004,
    "residual_n_epochs": 40,
    "residual_lr": 0.0008,
    "residual_patience": 12,
    "residual_d_model": 128,
    "residual_d_state": 16,
    "residual_dropout": 0.1,
    "mlp_pca_dim": 64,
    "mlp_alpha_blend": 0.4,
    "mlp_min_pos": 5,
    "n_sites_cap": 20,
    "name": "mlp_only_clean"
  },
  "config_hash": "7a23faca67",
  "result": {
    "metrics": {
      "global": {
        "macro_auc": 0.8859182400304672,
        "rare_auc": NaN,
        "frequent_auc": 0.8799115511760515,
        "per_site_auc": {
          "S03": 0.95,
          "S08": NaN,
          "S13": NaN,
          "S15": NaN,
          "S18": 0.6666666666666666,
          "S19": 0.5097532616245561,
          "S22": 0.8922166269225223,
          "S23": NaN
        },
        "site_auc_std": 0.176636405095428,
        "per_hour_auc": {
          "0-5": 0.8974089268477172,
          "18-23": 0.843630284372913,
          "6-11": 0.7379042831215323
        },
        "first_pass_auc": 0.8859182400304672
      },
      "per_fold": {
        "0": {
          "final": {
            "macro_auc": 0.8467358205765315,
            "rare_auc": NaN,
            "frequent_auc": 0.8467358205765315,
            "per_site_auc": {
              "S22": 0.8467358205765315
            },
            "site_auc_std": 0.0,
            "per_hour_auc": {
              "0-5": 0.9182385149572649,
              "18-23": 0.8258864446739775
            },
            "first_pass_auc": 0.8467358205765315
          },
          "first_pass": {
            "macro_auc": 0.8467358205765315,
            "rare_auc": NaN,
            "frequent_auc": 0.8467358205765315,
            "per_site_auc": {
              "S22": 0.8467358205765315
            },
            "site_auc_std": 0.0,
            "per_hour_auc": {
              "0-5": 0.9182385149572649,
              "18-23": 0.8258864446739775
            }
          }
        },
        "1": {
          "final": {
            "macro_auc": 0.936008793607276,
            "rare_auc": NaN,
            "frequent_auc": 0.92616399262378,
            "per_site_auc": {
              "S18": 0.6666666666666666,
              "S22": 0.9390675883914513
            },
            "site_auc_std": 0.13620046086239235,
            "per_hour_auc": {
              "0-5": NaN,
              "18-23": 0.955242317890192
            },
            "first_pass_auc": 0.936008793607276
          },
          "first_pass": {
            "macro_auc": 0.936008793607276,
            "rare_auc": NaN,
            "frequent_auc": 0.92616399262378,
            "per_site_auc": {
              "S18": 0.6666666666666666,
              "S22": 0.9390675883914513
            },
            "site_auc_std": 0.13620046086239235,
            "per_hour_auc": {
              "0-5": NaN,
              "18-23": 0.955242317890192
            }
          }
        },
        "2": {
          "final": {
            "macro_auc": 0.7448175270858405,
            "rare_auc": NaN,
            "frequent_auc": 0.744060648911765,
            "per_site_auc": {
              "S19": 0.5097532616245561,
              "S22": 0.8877273152095353
            },
            "site_auc_std": 0.18898702679248958,
            "per_hour_auc": {
              "0-5": 0.8861363383129408,
              "18-23": 0.6631193999965019
            },
            "first_pass_auc": 0.7448175270858405
          },
          "first_pass": {
            "macro_auc": 0.7448175270858405,
            "rare_auc": NaN,
            "frequent_auc": 0.744060648911765,
            "per_site_auc": {
              "S19": 0.5097532616245561,
              "S22": 0.8877273152095353
            },
            "site_auc_std": 0.18898702679248958,
            "per_hour_auc": {
              "0-5": 0.8861363383129408,
              "18-23": 0.6631193999965019
            }
          }
        },
        "3": {
          "final": {
            "macro_auc": 0.84624800737011,
            "rare_auc": NaN,
            "frequent_auc": 0.8213082526756093,
            "per_site_auc": {
              "S13": NaN,
              "S22": 0.8536201113117202,
              "S23": NaN
            },
            "site_auc_std": 0.0,
            "per_hour_auc": {
              "0-5": 0.7926282167662887,
              "18-23": NaN
            },
            "first_pass_auc": 0.84624800737011
          },
          "first_pass": {
            "macro_auc": 0.84624800737011,
            "rare_auc": NaN,
            "frequent_auc": 0.8213082526756093,
            "per_site_auc": {
              "S13": NaN,
              "S22": 0.8536201113117202,
              "S23": NaN
            },
            "site_auc_std": 0.0,
            "per_hour_auc": {
              "0-5": 0.7926282167662887,
              "18-23": NaN
            }
          }
        },
        "4": {
          "final": {
            "macro_auc": 0.7495970277873962,
            "rare_auc": NaN,
            "frequent_auc": 0.7249485208168178,
            "per_site_auc": {
              "S03": 0.95,
              "S08": NaN,
              "S15": NaN,
              "S22": NaN
            },
            "site_auc_std": 0.0,
            "per_hour_auc": {
              "0-5": NaN,
              "18-23": 0.7611384831408917,
              "6-11": 0.7379042831215323
            },
            "first_pass_auc": 0.7495970277873962
          },
          "first_pass": {
            "macro_auc": 0.7495970277873962,
            "rare_auc": NaN,
            "frequent_auc": 0.7249485208168178,
            "per_site_auc": {
              "S03": 0.95,
              "S08": NaN,
              "S15": NaN,
              "S22": NaN
            },
            "site_auc_std": 0.0,
            "per_hour_auc": {
              "0-5": NaN,
              "18-23": 0.7611384831408917,
              "6-11": 0.7379042831215323
            }
          }
        }
      },
      "v_anchor": {
        "macro_auc": 0.8278114327531026,
        "rare_auc": NaN,
        "frequent_auc": 0.8494057008483775,
        "per_site_auc": {
          "S03": NaN,
          "S08": 0.7321008811688636,
          "S13": NaN,
          "S15": NaN,
          "S19": NaN,
          "S22": 0.8858226766108395,
          "S23": NaN
        },
        "site_auc_std": 0.07686089772098792,
        "per_hour_auc": {
          "0-5": 0.8275967994543519,
          "18-23": 0.8390898486025914,
          "6-11": 0.8234486881454844
        },
        "first_pass_auc": 0.8278114327531026
      },
      "global_first_pass": {
        "macro_auc": 0.8859182400304672,
        "rare_auc": NaN,
        "frequent_auc": 0.8799115511760515,
        "per_site_auc": {
          "S03": 0.95,
          "S08": NaN,
          "S13": NaN,
          "S15": NaN,
          "S18": 0.6666666666666666,
          "S19": 0.5097532616245561,
          "S22": 0.8922166269225223,
          "S23": NaN
        },
        "site_auc_std": 0.176636405095428,
        "per_hour_auc": {
          "0-5": 0.8974089268477172,
          "18-23": 0.843630284372913,
          "6-11": 0.7379042831215323
        }
      },