{
  "config": {
    "seed": 42,
    "ensemble_w": 0.25,
    "lambda_prior": 0.0,
    "correction_weight": 0.0,
    "loss": "focal_bce",
    "focal_alpha": 0.25,
    "focal_gamma": 2.0,
    "label_smoothing": 0.03,
    "mask_secondary": false,
    "tta": "window_roll",
    "tta_shifts": [
      0,
      1,
      -1,
      2,
      -2
    ],
    "tta_shifts_secs": [
      0.0,
      1.25,
      -1.25,
      2.5,
      -2.5
    ],
    "smoothing": "gaussian",
    "smoothing_alpha": 0.2,
    "use_boost": true,
    "boost_threshold": 0.5,
    "boost_lift": 0.15,
    "file_conf_top_k": 2,
    "file_conf_power": 0.4,
    "rank_power": 0.4,
    "threshold_grid": [
      0.5
    ],
    "proto_n_epochs": 80,
    "proto_lr": 0.0008,
    "proto_patience": 20,
    "proto_pos_weight_cap": 25.0,
    "proto_distill_weight": 0.15,
    "proto_swa_start_frac": 0.65,
    "proto_swa_lr": 0.0004,
    "residual_n_epochs": 40,
    "residual_lr": 0.0008,
    "residual_patience": 12,
    "residual_d_model": 128,
    "residual_d_state": 16,
    "residual_dropout": 0.1,
    "mlp_pca_dim": 64,
    "mlp_alpha_blend": 0.6,
    "mlp_min_pos": 5,
    "n_sites_cap": 20,
    "name": "mlp_heavy_combo"
  },
  "config_hash": "85f548c5dc",
  "result": {
    "metrics": {
      "global": {
        "macro_auc": 0.8891383186064805,
        "rare_auc": NaN,
        "frequent_auc": 0.8882271813934453,
        "per_site_auc": {
          "S03": 0.9045454545454545,
          "S08": NaN,
          "S13": NaN,
          "S15": NaN,
          "S18": 0.6666666666666666,
          "S19": 0.582838589868052,
          "S22": 0.8962792506505168,
          "S23": NaN
        },
        "site_auc_std": 0.14101065732005016,
        "per_hour_auc": {
          "0-5": 0.9084745946285459,
          "18-23": 0.8545889533963335,
          "6-11": 0.6927297583950786
        },
        "first_pass_auc": 0.8859087597542369
      },
      "per_fold": {
        "0": {
          "final": {
            "macro_auc": 0.8857599424463812,
            "rare_auc": NaN,
            "frequent_auc": 0.8857599424463812,
            "per_site_auc": {
              "S22": 0.8857599424463812
            },
            "site_auc_std": 0.0,
            "per_hour_auc": {
              "0-5": 0.8573023090790421,
              "18-23": 0.8643442169888157
            },
            "first_pass_auc": 0.8442846119201954
          },
          "first_pass": {
            "macro_auc": 0.8442846119201954,
            "rare_auc": NaN,
            "frequent_auc": 0.8442846119201954,
            "per_site_auc": {
              "S22": 0.8442846119201954
            },
            "site_auc_std": 0.0,
            "per_hour_auc": {
              "0-5": 0.9243175747863248,
              "18-23": 0.8227175882930529
            }
          }
        },
        "1": {
          "final": {
            "macro_auc": 0.9418103016149711,
            "rare_auc": NaN,
            "frequent_auc": 0.93357694758593,
            "per_site_auc": {
              "S18": 0.6666666666666666,
              "S22": 0.9439019560310972
            },
            "site_auc_std": 0.13861764468221527,
            "per_hour_auc": {
              "0-5": NaN,
              "18-23": 0.9530704939910213
            },
            "first_pass_auc": 0.9354753693953527
          },
          "first_pass": {
            "macro_auc": 0.9354753693953527,
            "rare_auc": NaN,
            "frequent_auc": 0.9255485031484839,
            "per_site_auc": {
              "S18": 0.6666666666666666,
              "S22": 0.9378846418930703
            },
            "site_auc_std": 0.13560898761320184,
            "per_hour_auc": {
              "0-5": NaN,
              "18-23": 0.9533057477736302
            }
          }
        },
        "2": {
          "final": {
            "macro_auc": 0.7873776371764213,
            "rare_auc": NaN,
            "frequent_auc": 0.746442588322309,
            "per_site_auc": {
              "S19": 0.582838589868052,
              "S22": 0.8912560695368732
            },
            "site_auc_std": 0.15420873983441058,
            "per_hour_auc": {
              "0-5": 0.888710123213361,
              "18-23": 0.7144847513859249
            },
            "first_pass_auc": 0.783783311367605
          },
          "first_pass": {
            "macro_auc": 0.783783311367605,
            "rare_auc": NaN,
            "frequent_auc": 0.7423559297151007,
            "per_site_auc": {
              "S19": 0.5620225442093291,
              "S22": 0.8793916905008443
            },
            "site_auc_std": 0.15868457314575762,
            "per_hour_auc": {
              "0-5": 0.885319381483887,
              "18-23": 0.7123970214775739
            }
          }
        },
        "3": {
          "final": {
            "macro_auc": 0.9049442901836212,
            "rare_auc": NaN,
            "frequent_auc": 0.8874721763218736,
            "per_site_auc": {
              "S13": NaN,
              "S22": 0.8907150483763747,
              "S23": NaN
            },
            "site_auc_std": 0.0,
            "per_hour_auc": {
              "0-5": 0.8306984615229441,
              "18-23": NaN
            },
            "first_pass_auc": 0.8767346551334518
          },
          "first_pass": {
            "macro_auc": 0.8767346551334518,
            "rare_auc": NaN,
            "frequent_auc": 0.8580044634371861,
            "per_site_auc": {
              "S13": NaN,
              "S22": 0.8625831147561501,
              "S23": NaN
            },
            "site_auc_std": 0.0,
            "per_hour_auc": {
              "0-5": 0.8282763649144369,
              "18-23": NaN
            }
          }
        },
        "4": {
          "final": {
            "macro_auc": 0.7370278413857388,
            "rare_auc": NaN,
            "frequent_auc": 0.7260185023966559,
            "per_site_auc": {
              "S03": 0.9045454545454545,
              "S08": NaN,
              "S15": NaN,
              "S22": NaN
            },
            "site_auc_std": 0.0,
            "per_hour_auc": {
              "0-5": NaN,
              "18-23": 0.7584007319528951,
              "6-11": 0.6927297583950786
            },
            "first_pass_auc": 0.7384637497129682
          },
          "first_pass": {
            "macro_auc": 0.7384637497129682,
            "rare_auc": NaN,
            "frequent_auc": 0.7205352217984128,
            "per_site_auc": {
              "S03": 0.95,
              "S08": NaN,
              "S15": NaN,
              "S22": NaN
            },
            "site_auc_std": 0.0,
            "per_hour_auc": {
              "0-5": NaN,
              "18-23": 0.736973105482049,
              "6-11": 0.7124079497437725
            }
          }
        }
      },
      "v_anchor": {
        "macro_auc": 0.8336598076564484,
        "rare_auc": NaN,
        "frequent_auc": 0.8460965782828529,
        "per_site_auc": {
          "S03": NaN,
          "S08": 0.7989258700166405,
          "S13": NaN,
          "S15": NaN,
          "S19": NaN,
          "S22": 0.8960799806899551,
          "S23": NaN
        },
        "site_auc_std": 0.04857705533665729,
        "per_hour_auc": {
          "0-5": 0.8164473763245118,
          "18-23": 0.8750272732983264,
          "6-11": 0.8380131937588078
        },
        "first_pass_auc": 0.8216383098958236
      },
      "global_first_pass": {
        "macro_auc": 0.8859087597542369,
        "rare_auc": NaN,
        "frequent_auc": 0.8794871574749658,
        "per_site_auc": {
          "S03": 0.95,
          "S08": NaN,
          "S13": NaN,
          "S15": NaN,
          "S18": 0.6666666666666666,
          "S19": 0.5620225442093291,
          "S22": 0.8845886924548505,
          "S23": NaN
        },
        "site_auc_std": 0.15763332547735381,
        "per_hour_auc": {
          "0-5": 0.8978408440405903,
          "18-23": 0.84242573928135,
          "6-11": 0.7124079497437725
        }
      },