{
  "config": {
    "seed": 42,
    "ensemble_w": 0.5,
    "lambda_prior": 0.0,
    "correction_weight": 0.0,
    "loss": "focal_bce",
    "focal_alpha": 0.25,
    "focal_gamma": 2.0,
    "label_smoothing": 0.03,
    "mask_secondary": false,
    "tta": "window_roll",
    "tta_shifts": [
      0,
      1,
      -1,
      2,
      -2
    ],
    "tta_shifts_secs": [
      0.0,
      1.25,
      -1.25,
      2.5,
      -2.5
    ],
    "smoothing": "gaussian",
    "smoothing_alpha": 0.2,
    "use_boost": true,
    "boost_threshold": 0.5,
    "boost_lift": 0.25,
    "file_conf_top_k": 2,
    "file_conf_power": 0.4,
    "rank_power": 0.4,
    "threshold_grid": [
      0.5
    ],
    "proto_n_epochs": 80,
    "proto_lr": 0.0008,
    "proto_patience": 20,
    "proto_pos_weight_cap": 25.0,
    "proto_distill_weight": 0.15,
    "proto_swa_start_frac": 0.65,
    "proto_swa_lr": 0.0004,
    "residual_n_epochs": 40,
    "residual_lr": 0.0008,
    "residual_patience": 12,
    "residual_d_model": 128,
    "residual_d_state": 16,
    "residual_dropout": 0.1,
    "mlp_pca_dim": 64,
    "mlp_alpha_blend": 0.8,
    "mlp_min_pos": 5,
    "n_sites_cap": 20,
    "name": "mlp_alpha_080"
  },
  "config_hash": "15af4e7692",
  "result": {
    "metrics": {
      "global": {
        "macro_auc": 0.8895380117198771,
        "rare_auc": NaN,
        "frequent_auc": 0.8883577792865214,
        "per_site_auc": {
          "S03": 0.9045454545454545,
          "S08": NaN,
          "S13": NaN,
          "S15": NaN,
          "S18": 0.6666666666666666,
          "S19": 0.5821283625953249,
          "S22": 0.8939493034572233,
          "S23": NaN
        },
        "site_auc_std": 0.14068755238201394,
        "per_hour_auc": {
          "0-5": 0.9093109095298321,
          "18-23": 0.8547802491247568,
          "6-11": 0.6937525334096621
        },
        "first_pass_auc": 0.8853844859043697
      },
      "per_fold": {
        "0": {
          "final": {
            "macro_auc": 0.883306915401508,
            "rare_auc": NaN,
            "frequent_auc": 0.883306915401508,
            "per_site_auc": {
              "S22": 0.883306915401508
            },
            "site_auc_std": 0.0,
            "per_hour_auc": {
              "0-5": 0.8599574558646237,
              "18-23": 0.8585015189175752
            },
            "first_pass_auc": 0.8428484835280081
          },
          "first_pass": {
            "macro_auc": 0.8428484835280081,
            "rare_auc": NaN,
            "frequent_auc": 0.8428484835280081,
            "per_site_auc": {
              "S22": 0.8428484835280081
            },
            "site_auc_std": 0.0,
            "per_hour_auc": {
              "0-5": 0.9257091346153846,
              "18-23": 0.8198871264768557
            }
          }
        },
        "1": {
          "final": {
            "macro_auc": 0.9414443275792205,
            "rare_auc": NaN,
            "frequent_auc": 0.9331546698523715,
            "per_site_auc": {
              "S18": 0.6666666666666666,
              "S22": 0.9430208262378473
            },
            "site_auc_std": 0.13817707978559035,
            "per_hour_auc": {
              "0-5": NaN,
              "18-23": 0.9527292203578223
            },
            "first_pass_auc": 0.9343893694164589
          },
          "first_pass": {
            "macro_auc": 0.9343893694164589,
            "rare_auc": NaN,
            "frequent_auc": 0.9242954262497602,
            "per_site_auc": {
              "S18": 0.6666666666666666,
              "S22": 0.9364486074205056
            },
            "site_auc_std": 0.1348909703769195,
            "per_hour_auc": {
              "0-5": NaN,
              "18-23": 0.9526905189730805
            }
          }
        },
        "2": {
          "final": {
            "macro_auc": 0.7880526432391557,
            "rare_auc": NaN,
            "frequent_auc": 0.7472597009245668,
            "per_site_auc": {
              "S19": 0.5821283625953249,
              "S22": 0.8913213195167876
            },
            "site_auc_std": 0.15459647846073138,
            "per_hour_auc": {
              "0-5": 0.8893770226764558,
              "18-23": 0.7160326540870618
            },
            "first_pass_auc": 0.7832823288077726
          },
          "first_pass": {
            "macro_auc": 0.7832823288077726,
            "rare_auc": NaN,
            "frequent_auc": 0.7417494771426716,
            "per_site_auc": {
              "S19": 0.5613491435359285,
              "S22": 0.8786204831000133
            },
            "site_auc_std": 0.1586356697820424,
            "per_hour_auc": {
              "0-5": 0.887256644907318,
              "18-23": 0.7103639401315185
            }
          }
        },
        "3": {
          "final": {
            "macro_auc": 0.9066980570171598,
            "rare_auc": NaN,
            "frequent_auc": 0.8892961129082029,
            "per_site_auc": {
              "S13": NaN,
              "S22": 0.895052352708439,
              "S23": NaN
            },
            "site_auc_std": 0.0,
            "per_hour_auc": {
              "0-5": 0.8309299430044256,
              "18-23": NaN
            },
            "first_pass_auc": 0.8776316351053919
          },
          "first_pass": {
            "macro_auc": 0.8776316351053919,
            "rare_auc": NaN,
            "frequent_auc": 0.8591369561262974,
            "per_site_auc": {
              "S13": NaN,
              "S22": 0.8636061153516661,
              "S23": NaN
            },
            "site_auc_std": 0.0,
            "per_hour_auc": {
              "0-5": 0.8275819204699923,
              "18-23": NaN
            }
          }
        },
        "4": {
          "final": {
            "macro_auc": 0.7374027449330995,
            "rare_auc": NaN,
            "frequent_auc": 0.7258306197668347,
            "per_site_auc": {
              "S03": 0.9045454545454545,
              "S08": NaN,
              "S15": NaN,
              "S22": NaN
            },
            "site_auc_std": 0.0,
            "per_hour_auc": {
              "0-5": NaN,
              "18-23": 0.7513711326336716,
              "6-11": 0.6937525334096621
            },
            "first_pass_auc": 0.736725053788185
          },
          "first_pass": {
            "macro_auc": 0.736725053788185,
            "rare_auc": NaN,
            "frequent_auc": 0.7180610887444265,
            "per_site_auc": {
              "S03": 0.95,
              "S08": NaN,
              "S15": NaN,
              "S22": NaN
            },
            "site_auc_std": 0.0,
            "per_hour_auc": {
              "0-5": NaN,
              "18-23": 0.7319203289574984,
              "6-11": 0.7114423442254709
            }
          }
        }
      },
      "v_anchor": {
        "macro_auc": 0.8353725386767094,
        "rare_auc": NaN,
        "frequent_auc": 0.8473433092147487,
        "per_site_auc": {
          "S03": NaN,
          "S08": 0.7980486770341844,
          "S13": NaN,
          "S15": NaN,
          "S19": NaN,
          "S22": 0.8967571230039262,
          "S23": NaN
        },
        "site_auc_std": 0.04935422298487091,
        "per_hour_auc": {
          "0-5": 0.816199360451496,
          "18-23": 0.8738873537439479,
          "6-11": 0.8405413741130752
        },
        "first_pass_auc": 0.8223751840262509
      },
      "global_first_pass": {
        "macro_auc": 0.8853844859043697,
        "rare_auc": NaN,
        "frequent_auc": 0.8784227760325579,
        "per_site_auc": {
          "S03": 0.95,
          "S08": NaN,
          "S13": NaN,
          "S15": NaN,
          "S18": 0.6666666666666666,
          "S19": 0.5613491435359285,
          "S22": 0.8835752096109909,
          "S23": NaN
        },
        "site_auc_std": 0.15766068254424828,
        "per_hour_auc": {
          "0-5": 0.8972657528296677,
          "18-23": 0.8417312465626741,
          "6-11": 0.7114423442254709
        }
      },