{
  "config": {
    "seed": 42,
    "ensemble_w": 0.5,
    "lambda_prior": 0.0,
    "correction_weight": 0.0,
    "loss": "focal_bce",
    "focal_alpha": 0.25,
    "focal_gamma": 2.0,
    "label_smoothing": 0.03,
    "mask_secondary": false,
    "tta": "window_roll",
    "tta_shifts": [
      0,
      1,
      -1,
      2,
      -2
    ],
    "tta_shifts_secs": [
      0.0,
      1.25,
      -1.25,
      2.5,
      -2.5
    ],
    "smoothing": "gaussian",
    "smoothing_alpha": 0.2,
    "use_boost": true,
    "boost_threshold": 0.5,
    "boost_lift": 0.25,
    "file_conf_top_k": 2,
    "file_conf_power": 0.4,
    "rank_power": 0.4,
    "threshold_grid": [
      0.5
    ],
    "proto_n_epochs": 80,
    "proto_lr": 0.0008,
    "proto_patience": 20,
    "proto_pos_weight_cap": 25.0,
    "proto_distill_weight": 0.15,
    "proto_swa_start_frac": 0.65,
    "proto_swa_lr": 0.0004,
    "residual_n_epochs": 40,
    "residual_lr": 0.0008,
    "residual_patience": 12,
    "residual_d_model": 128,
    "residual_d_state": 16,
    "residual_dropout": 0.1,
    "mlp_pca_dim": 32,
    "mlp_alpha_blend": 0.4,
    "mlp_min_pos": 5,
    "n_sites_cap": 20,
    "name": "mlp_pca_32"
  },
  "config_hash": "8219c29792",
  "result": {
    "metrics": {
      "global": {
        "macro_auc": 0.8976956248137482,
        "rare_auc": NaN,
        "frequent_auc": 0.9019344442766386,
        "per_site_auc": {
          "S03": 0.9045454545454545,
          "S08": NaN,
          "S13": NaN,
          "S15": NaN,
          "S18": 0.6419753086419753,
          "S19": 0.7082823389531057,
          "S22": 0.9200011963087267,
          "S23": NaN
        },
        "site_auc_std": 0.12099097669268025,
        "per_hour_auc": {
          "0-5": 0.9150737617914249,
          "18-23": 0.9185302258618141,
          "6-11": 0.6951480172353464
        },
        "first_pass_auc": 0.895797029464243
      },
      "per_fold": {
        "0": {
          "final": {
            "macro_auc": 0.8963675707166064,
            "rare_auc": NaN,
            "frequent_auc": 0.8963675707166064,
            "per_site_auc": {
              "S22": 0.8963675707166064
            },
            "site_auc_std": 0.0,
            "per_hour_auc": {
              "0-5": 0.8843609410400258,
              "18-23": 0.8611796922913595
            },
            "first_pass_auc": 0.8838240939709249
          },
          "first_pass": {
            "macro_auc": 0.8838240939709249,
            "rare_auc": NaN,
            "frequent_auc": 0.8838240939709249,
            "per_site_auc": {
              "S22": 0.8838240939709249
            },
            "site_auc_std": 0.0,
            "per_hour_auc": {
              "0-5": 0.9106396901709403,
              "18-23": 0.8623244928691988
            }
          }
        },
        "1": {
          "final": {
            "macro_auc": 0.9332380569314208,
            "rare_auc": NaN,
            "frequent_auc": 0.9236858960279873,
            "per_site_auc": {
              "S18": 0.6419753086419753,
              "S22": 0.9369805976668051
            },
            "site_auc_std": 0.1475026445124149,
            "per_hour_auc": {
              "0-5": NaN,
              "18-23": 0.9348131377356755
            },
            "first_pass_auc": 0.9208679344679093
          },
          "first_pass": {
            "macro_auc": 0.9208679344679093,
            "rare_auc": NaN,
            "frequent_auc": 0.9086937705398953,
            "per_site_auc": {
              "S18": 0.6543209876543209,
              "S22": 0.9216818519272683
            },
            "site_auc_std": 0.13368043213647368,
            "per_hour_auc": {
              "0-5": NaN,
              "18-23": 0.9316004997666097
            }
          }
        },
        "2": {
          "final": {
            "macro_auc": 0.8340106332269819,
            "rare_auc": NaN,
            "frequent_auc": 0.8028930572256193,
            "per_site_auc": {
              "S19": 0.7082823389531057,
              "S22": 0.9174593840182425
            },
            "site_auc_std": 0.1045885225325684,
            "per_hour_auc": {
              "0-5": 0.9224169097159601,
              "18-23": 0.8030049106659961
            },
            "first_pass_auc": 0.8246853982156056
          },
          "first_pass": {
            "macro_auc": 0.8246853982156056,
            "rare_auc": NaN,
            "frequent_auc": 0.7918689822153118,
            "per_site_auc": {
              "S19": 0.7033575427454145,
              "S22": 0.9016564327181035
            },
            "site_auc_std": 0.09914944498634448,
            "per_hour_auc": {
              "0-5": 0.8972151496095371,
              "18-23": 0.7960969639322888
            }
          }
        },
        "3": {
          "final": {
            "macro_auc": 0.928000159328907,
            "rare_auc": NaN,
            "frequent_auc": 0.9148586356822996,
            "per_site_auc": {
              "S13": NaN,
              "S22": 0.9141209082842228,
              "S23": NaN
            },
            "site_auc_std": 0.0,
            "per_hour_auc": {
              "0-5": 0.9063202144976383,
              "18-23": NaN
            },
            "first_pass_auc": 0.8976142259850389
          },
          "first_pass": {
            "macro_auc": 0.8976142259850389,
            "rare_auc": NaN,
            "frequent_auc": 0.883116065181874,
            "per_site_auc": {
              "S13": NaN,
              "S22": 0.8772251064287715,
              "S23": NaN
            },
            "site_auc_std": 0.0,
            "per_hour_auc": {
              "0-5": 0.8862148180734782,
              "18-23": NaN
            }
          }
        },
        "4": {
          "final": {
            "macro_auc": 0.7443717974776842,
            "rare_auc": NaN,
            "frequent_auc": 0.7352027938785176,
            "per_site_auc": {
              "S03": 0.9045454545454545,
              "S08": NaN,
              "S15": NaN,
              "S22": NaN
            },
            "site_auc_std": 0.0,
            "per_hour_auc": {
              "0-5": NaN,
              "18-23": 0.8237594424389415,
              "6-11": 0.6951480172353464
            },
            "first_pass_auc": 0.7451545647267963
          },
          "first_pass": {
            "macro_auc": 0.7451545647267963,
            "rare_auc": NaN,
            "frequent_auc": 0.7293973275929039,
            "per_site_auc": {
              "S03": 0.95,
              "S08": NaN,
              "S15": NaN,
              "S22": NaN
            },
            "site_auc_std": 0.0,
            "per_hour_auc": {
              "0-5": NaN,
              "18-23": 0.8041133702425138,
              "6-11": 0.7110030233737461
            }
          }
        }
      },
      "v_anchor": {
        "macro_auc": 0.8465695860949776,
        "rare_auc": NaN,
        "frequent_auc": 0.8607797661166707,
        "per_site_auc": {
          "S03": NaN,
          "S08": 0.7954861648225493,
          "S13": NaN,
          "S15": NaN,
          "S19": NaN,
          "S22": 0.912779995145915,
          "S23": NaN
        },
        "site_auc_std": 0.058646915161682855,
        "per_hour_auc": {
          "0-5": 0.7830629248021733,
          "18-23": 0.9370323886477374,
          "6-11": 0.8310878370718188
        },
        "first_pass_auc": 0.8410651616686703
      },
      "global_first_pass": {
        "macro_auc": 0.895797029464243,
        "rare_auc": NaN,
        "frequent_auc": 0.8951583953599263,
        "per_site_auc": {
          "S03": 0.95,
          "S08": NaN,
          "S13": NaN,
          "S15": NaN,
          "S18": 0.6543209876543209,
          "S19": 0.7033575427454145,
          "S22": 0.911715103701826,
          "S23": NaN
        },
        "site_auc_std": 0.12791440039769789,
        "per_hour_auc": {
          "0-5": 0.9057883258507473,
          "18-23": 0.9009510151487707,
          "6-11": 0.7110030233737461
        }
      },