{
  "config": {
    "seed": 42,
    "ensemble_w": 0.5,
    "lambda_prior": 0.0,
    "correction_weight": 0.0,
    "loss": "focal_bce",
    "focal_alpha": 0.25,
    "focal_gamma": 2.0,
    "label_smoothing": 0.03,
    "mask_secondary": false,
    "tta": "window_roll",
    "tta_shifts": [
      0,
      1,
      -1,
      2,
      -2
    ],
    "tta_shifts_secs": [
      0.0,
      1.25,
      -1.25,
      2.5,
      -2.5
    ],
    "smoothing": "gaussian",
    "smoothing_alpha": 0.2,
    "use_boost": true,
    "boost_threshold": 0.5,
    "boost_lift": 0.25,
    "file_conf_top_k": 2,
    "file_conf_power": 0.4,
    "rank_power": 0.4,
    "threshold_grid": [
      0.5
    ],
    "proto_n_epochs": 80,
    "proto_lr": 0.0008,
    "proto_patience": 20,
    "proto_pos_weight_cap": 25.0,
    "proto_distill_weight": 0.15,
    "proto_swa_start_frac": 0.65,
    "proto_swa_lr": 0.0004,
    "residual_n_epochs": 40,
    "residual_lr": 0.0008,
    "residual_patience": 12,
    "residual_d_model": 128,
    "residual_d_state": 16,
    "residual_dropout": 0.1,
    "mlp_pca_dim": 128,
    "mlp_alpha_blend": 0.4,
    "mlp_min_pos": 5,
    "n_sites_cap": 20,
    "name": "mlp_pca_128"
  },
  "config_hash": "eb14e6c3b5",
  "result": {
    "metrics": {
      "global": {
        "macro_auc": 0.9017673100011689,
        "rare_auc": NaN,
        "frequent_auc": 0.9070659059848585,
        "per_site_auc": {
          "S03": 0.95,
          "S08": NaN,
          "S13": NaN,
          "S15": NaN,
          "S18": 0.6419753086419753,
          "S19": 0.8108881067762647,
          "S22": 0.9224727374185832,
          "S23": NaN
        },
        "site_auc_std": 0.1211018554325115,
        "per_hour_auc": {
          "0-5": 0.9074407915340146,
          "18-23": 0.9251507365848335,
          "6-11": 0.6925268927312295
        },
        "first_pass_auc": 0.8983113229125247
      },
      "per_fold": {
        "0": {
          "final": {
            "macro_auc": 0.8895542452352813,
            "rare_auc": NaN,
            "frequent_auc": 0.8895542452352813,
            "per_site_auc": {
              "S22": 0.8895542452352813
            },
            "site_auc_std": 0.0,
            "per_hour_auc": {
              "0-5": 0.8846910689240634,
              "18-23": 0.8457728473525882
            },
            "first_pass_auc": 0.8836611420966254
          },
          "first_pass": {
            "macro_auc": 0.8836611420966254,
            "rare_auc": NaN,
            "frequent_auc": 0.8836611420966254,
            "per_site_auc": {
              "S22": 0.8836611420966254
            },
            "site_auc_std": 0.0,
            "per_hour_auc": {
              "0-5": 0.8980755793119923,
              "18-23": 0.8569302200525143
            }
          }
        },
        "1": {
          "final": {
            "macro_auc": 0.9423563628937042,
            "rare_auc": NaN,
            "frequent_auc": 0.9342070182921604,
            "per_site_auc": {
              "S18": 0.6419753086419753,
              "S22": 0.9461722846219512
            },
            "site_auc_std": 0.15209848798998798,
            "per_hour_auc": {
              "0-5": NaN,
              "18-23": 0.9475276583715385
            },
            "first_pass_auc": 0.9218409598540951
          },
          "first_pass": {
            "macro_auc": 0.9218409598540951,
            "rare_auc": NaN,
            "frequent_auc": 0.9098164921393406,
            "per_site_auc": {
              "S18": 0.6419753086419753,
              "S22": 0.9134873658469825
            },
            "site_auc_std": 0.13575602860250363,
            "per_hour_auc": {
              "0-5": NaN,
              "18-23": 0.9482669848090987
            }
          }
        },
        "2": {
          "final": {
            "macro_auc": 0.8950705723313724,
            "rare_auc": NaN,
            "frequent_auc": 0.876807720351987,
            "per_site_auc": {
              "S19": 0.8108881067762647,
              "S22": 0.9186210885640299
            },
            "site_auc_std": 0.053866490893882624,
            "per_hour_auc": {
              "0-5": 0.9314426754512635,
              "18-23": 0.8885473809573144
            },
            "first_pass_auc": 0.8695437120146808
          },
          "first_pass": {
            "macro_auc": 0.8695437120146808,
            "rare_auc": NaN,
            "frequent_auc": 0.8461711515510344,
            "per_site_auc": {
              "S19": 0.7795659584239388,
              "S22": 0.8939933589535217
            },
            "site_auc_std": 0.057213700264791445,
            "per_hour_auc": {
              "0-5": 0.9022163096078124,
              "18-23": 0.8490419041528056
            }
          }
        },
        "3": {
          "final": {
            "macro_auc": 0.9161456989726116,
            "rare_auc": NaN,
            "frequent_auc": 0.900633283254745,
            "per_site_auc": {
              "S13": NaN,
              "S22": 0.9027231829992123,
              "S23": NaN
            },
            "site_auc_std": 0.0,
            "per_hour_auc": {
              "0-5": 0.9124340489202962,
              "18-23": NaN
            },
            "first_pass_auc": 0.8757123645720563
          },
          "first_pass": {
            "macro_auc": 0.8757123645720563,
            "rare_auc": NaN,
            "frequent_auc": 0.8568338314862947,
            "per_site_auc": {
              "S13": NaN,
              "S22": 0.8298068988093328,
              "S23": NaN
            },
            "site_auc_std": 0.0,
            "per_hour_auc": {
              "0-5": 0.905277998901365,
              "18-23": NaN
            }
          }
        },
        "4": {
          "final": {
            "macro_auc": 0.7302479999490454,
            "rare_auc": NaN,
            "frequent_auc": 0.7162087213400032,
            "per_site_auc": {
              "S03": 0.95,
              "S08": NaN,
              "S15": NaN,
              "S22": NaN
            },
            "site_auc_std": 0.0,
            "per_hour_auc": {
              "0-5": NaN,
              "18-23": 0.8128048961515408,
              "6-11": 0.6925268927312295
            },
            "first_pass_auc": 0.7334236571266121
          },
          "first_pass": {
            "macro_auc": 0.7334236571266121,
            "rare_auc": NaN,
            "frequent_auc": 0.7136212794409318,
            "per_site_auc": {
              "S03": 0.95,
              "S08": NaN,
              "S15": NaN,
              "S22": NaN
            },
            "site_auc_std": 0.0,
            "per_hour_auc": {
              "0-5": NaN,
              "18-23": 0.8042765615814714,
              "6-11": 0.7094685719511872
            }
          }
        }
      },
      "v_anchor": {
        "macro_auc": 0.8507243070627867,
        "rare_auc": NaN,
        "frequent_auc": 0.8657654312780412,
        "per_site_auc": {
          "S03": NaN,
          "S08": 0.788653329042345,
          "S13": NaN,
          "S15": NaN,
          "S19": NaN,
          "S22": 0.9348924208388077,
          "S23": NaN
        },
        "site_auc_std": 0.07311954589823139,
        "per_hour_auc": {
          "0-5": 0.7880880333627134,
          "18-23": 0.9356244828337364,
          "6-11": 0.830133641819378
        },
        "first_pass_auc": 0.8447759203297093
      },
      "global_first_pass": {
        "macro_auc": 0.8983113229125247,
        "rare_auc": NaN,
        "frequent_auc": 0.8981127214006456,
        "per_site_auc": {
          "S03": 0.95,
          "S08": NaN,
          "S13": NaN,
          "S15": NaN,
          "S18": 0.6419753086419753,
          "S19": 0.7795659584239388,
          "S22": 0.9137109207741057,
          "S23": NaN
        },
        "site_auc_std": 0.12145219507521117,
        "per_hour_auc": {
          "0-5": 0.9001445554113051,
          "18-23": 0.9125596671136449,
          "6-11": 0.7094685719511872
        }
      },