{
  "config": {
    "seed": 42,
    "ensemble_w": 0.5,
    "lambda_prior": 0.0,
    "correction_weight": 0.0,
    "loss": "focal_bce",
    "focal_alpha": 0.25,
    "focal_gamma": 2.0,
    "label_smoothing": 0.03,
    "mask_secondary": false,
    "tta": "window_roll",
    "tta_shifts": [
      0,
      1,
      -1,
      2,
      -2
    ],
    "tta_shifts_secs": [
      0.0,
      1.25,
      -1.25,
      2.5,
      -2.5
    ],
    "smoothing": "gaussian",
    "smoothing_alpha": 0.2,
    "use_boost": true,
    "boost_threshold": 0.5,
    "boost_lift": 0.25,
    "file_conf_top_k": 2,
    "file_conf_power": 0.4,
    "rank_power": 0.4,
    "threshold_grid": [
      0.5
    ],
    "proto_n_epochs": 80,
    "proto_lr": 0.0008,
    "proto_patience": 20,
    "proto_pos_weight_cap": 25.0,
    "proto_distill_weight": 0.15,
    "proto_swa_start_frac": 0.65,
    "proto_swa_lr": 0.0004,
    "residual_n_epochs": 40,
    "residual_lr": 0.0008,
    "residual_patience": 12,
    "residual_d_model": 128,
    "residual_d_state": 16,
    "residual_dropout": 0.1,
    "mlp_pca_dim": 64,
    "mlp_alpha_blend": 0.4,
    "mlp_min_pos": 3,
    "n_sites_cap": 20,
    "name": "mlp_minpos_3"
  },
  "config_hash": "8c84bf0061",
  "result": {
    "metrics": {
      "global": {
        "macro_auc": 0.9020051292194667,
        "rare_auc": NaN,
        "frequent_auc": 0.8954493204104622,
        "per_site_auc": {
          "S03": 0.9045454545454545,
          "S08": NaN,
          "S13": NaN,
          "S15": NaN,
          "S18": 0.6543209876543209,
          "S19": 0.5829490696660319,
          "S22": 0.9132706341736909,
          "S23": NaN
        },
        "site_auc_std": 0.147346075076381,
        "per_hour_auc": {
          "0-5": 0.9166808424589501,
          "18-23": 0.8694449092276431,
          "6-11": 0.6956548932350826
        },
        "first_pass_auc": 0.8965669316603652
      },
      "per_fold": {
        "0": {
          "final": {
            "macro_auc": 0.8848240083780371,
            "rare_auc": NaN,
            "frequent_auc": 0.8848240083780371,
            "per_site_auc": {
              "S22": 0.8848240083780371
            },
            "site_auc_std": 0.0,
            "per_hour_auc": {
              "0-5": 0.8723232106252793,
              "18-23": 0.862614637332479
            },
            "first_pass_auc": 0.8418309205630654
          },
          "first_pass": {
            "macro_auc": 0.8418309205630654,
            "rare_auc": NaN,
            "frequent_auc": 0.8418309205630654,
            "per_site_auc": {
              "S22": 0.8418309205630654
            },
            "site_auc_std": 0.0,
            "per_hour_auc": {
              "0-5": 0.9210216346153846,
              "18-23": 0.8167269318972643
            }
          }
        },
        "1": {
          "final": {
            "macro_auc": 0.9415143939847728,
            "rare_auc": NaN,
            "frequent_auc": 0.9332355157049318,
            "per_site_auc": {
              "S18": 0.6543209876543209,
              "S22": 0.9458197963691909
            },
            "site_auc_std": 0.145749404357435,
            "per_hour_auc": {
              "0-5": NaN,
              "18-23": 0.9507958175707528
            },
            "first_pass_auc": 0.9334779038069204
          },
          "first_pass": {
            "macro_auc": 0.9334779038069204,
            "rare_auc": NaN,
            "frequent_auc": 0.9232437351618312,
            "per_site_auc": {
              "S18": 0.6666666666666666,
              "S22": 0.9370357359770476
            },
            "site_auc_std": 0.13518453465519048,
            "per_hour_auc": {
              "0-5": NaN,
              "18-23": 0.9516845771404223
            }
          }
        },
        "2": {
          "final": {
            "macro_auc": 0.8054417228241072,
            "rare_auc": NaN,
            "frequent_auc": 0.7683096393695079,
            "per_site_auc": {
              "S19": 0.5829490696660319,
              "S22": 0.9110819158296483
            },
            "site_auc_std": 0.1640664230818082,
            "per_hour_auc": {
              "0-5": 0.9014725506644906,
              "18-23": 0.7436464624168901
            },
            "first_pass_auc": 0.7968065952324382
          },
          "first_pass": {
            "macro_auc": 0.7968065952324382,
            "rare_auc": NaN,
            "frequent_auc": 0.7581209575514777,
            "per_site_auc": {
              "S19": 0.5654121925038686,
              "S22": 0.8959927982860834
            },
            "site_auc_std": 0.16529030289110735,
            "per_hour_auc": {
              "0-5": 0.8903006407318379,
              "18-23": 0.7374986816264995
            }
          }
        },
        "3": {
          "final": {
            "macro_auc": 0.9050090726593251,
            "rare_auc": NaN,
            "frequent_auc": 0.8872693316788013,
            "per_site_auc": {
              "S13": NaN,
              "S22": 0.8781416795086774,
              "S23": NaN
            },
            "site_auc_std": 0.0,
            "per_hour_auc": {
              "0-5": 0.829304963952976,
              "18-23": NaN
            },
            "first_pass_auc": 0.8747378050415353
          },
          "first_pass": {
            "macro_auc": 0.8747378050415353,
            "rare_auc": NaN,
            "frequent_auc": 0.8556643600496698,
            "per_site_auc": {
              "S13": NaN,
              "S22": 0.8511445403301212,
              "S23": NaN
            },
            "site_auc_std": 0.0,
            "per_hour_auc": {
              "0-5": 0.8252671056551776,
              "18-23": NaN
            }
          }
        },
        "4": {
          "final": {
            "macro_auc": 0.7440754719152032,
            "rare_auc": NaN,
            "frequent_auc": 0.7348042870875947,
            "per_site_auc": {
              "S03": 0.9045454545454545,
              "S08": NaN,
              "S15": NaN,
              "S22": NaN
            },
            "site_auc_std": 0.0,
            "per_hour_auc": {
              "0-5": NaN,
              "18-23": 0.785734695572001,
              "6-11": 0.6956548932350826
            },
            "first_pass_auc": 0.746238730779136
          },
          "first_pass": {
            "macro_auc": 0.746238730779136,
            "rare_auc": NaN,
            "frequent_auc": 0.7308553440081194,
            "per_site_auc": {
              "S03": 0.95,
              "S08": NaN,
              "S15": NaN,
              "S22": NaN
            },
            "site_auc_std": 0.0,
            "per_hour_auc": {
              "0-5": NaN,
              "18-23": 0.785119064654012,
              "6-11": 0.7152109366822562
            }
          }
        }
      },
      "v_anchor": {
        "macro_auc": 0.8359335039064479,
        "rare_auc": NaN,
        "frequent_auc": 0.8415428604523116,
        "per_site_auc": {
          "S03": NaN,
          "S08": 0.8106726282164879,
          "S13": NaN,
          "S15": NaN,
          "S19": NaN,
          "S22": 0.8989352414737001,
          "S23": NaN
        },
        "site_auc_std": 0.04413130662860609,
        "per_hour_auc": {
          "0-5": 0.7862327675690317,
          "18-23": 0.8850747086614605,
          "6-11": 0.8688507262153335
        },
        "first_pass_auc": 0.8221477072340981
      },
      "global_first_pass": {
        "macro_auc": 0.8965669316603652,
        "rare_auc": NaN,
        "frequent_auc": 0.8843738639095226,
        "per_site_auc": {
          "S03": 0.95,
          "S08": NaN,
          "S13": NaN,
          "S15": NaN,
          "S18": 0.6666666666666666,
          "S19": 0.5654121925038686,
          "S22": 0.8980933095018385,
          "S23": NaN
        },
        "site_auc_std": 0.1591711635963568,
        "per_hour_auc": {
          "0-5": 0.901544618566805,
          "18-23": 0.8575722986069619,
          "6-11": 0.7152109366822562
        }
      },