{
  "config": {
    "seed": 42,
    "ensemble_w": 0.5,
    "lambda_prior": 0.0,
    "correction_weight": 0.0,
    "loss": "focal_bce",
    "focal_alpha": 0.25,
    "focal_gamma": 2.0,
    "label_smoothing": 0.03,
    "mask_secondary": false,
    "tta": "window_roll",
    "tta_shifts": [
      0,
      1,
      -1,
      2,
      -2
    ],
    "tta_shifts_secs": [
      0.0,
      1.25,
      -1.25,
      2.5,
      -2.5
    ],
    "smoothing": "gaussian",
    "smoothing_alpha": 0.2,
    "use_boost": true,
    "boost_threshold": 0.5,
    "boost_lift": 0.25,
    "file_conf_top_k": 2,
    "file_conf_power": 0.4,
    "rank_power": 0.4,
    "threshold_grid": [
      0.5
    ],
    "proto_n_epochs": 80,
    "proto_lr": 0.0008,
    "proto_patience": 20,
    "proto_pos_weight_cap": 25.0,
    "proto_distill_weight": 0.15,
    "proto_swa_start_frac": 0.65,
    "proto_swa_lr": 0.0004,
    "residual_n_epochs": 40,
    "residual_lr": 0.0008,
    "residual_patience": 12,
    "residual_d_model": 128,
    "residual_d_state": 16,
    "residual_dropout": 0.1,
    "mlp_pca_dim": 64,
    "mlp_alpha_blend": 0.6,
    "mlp_min_pos": 5,
    "n_sites_cap": 20,
    "name": "mlp_alpha_060"
  },
  "config_hash": "5b2b64852d",
  "result": {
    "metrics": {
      "global": {
        "macro_auc": 0.8921107904588015,
        "rare_auc": NaN,
        "frequent_auc": 0.8921612114587107,
        "per_site_auc": {
          "S03": 0.9045454545454545,
          "S08": NaN,
          "S13": NaN,
          "S15": NaN,
          "S18": 0.6666666666666666,
          "S19": 0.5828754164673787,
          "S22": 0.903810539448641,
          "S23": NaN
        },
        "site_auc_std": 0.1428101918612215,
        "per_hour_auc": {
          "0-5": 0.9141110666665423,
          "18-23": 0.8604643763010854,
          "6-11": 0.6945582426019868
        },
        "first_pass_auc": 0.8882867753397243
      },
      "per_fold": {
        "0": {
          "final": {
            "macro_auc": 0.8859933774736,
            "rare_auc": NaN,
            "frequent_auc": 0.8859933774736,
            "per_site_auc": {
              "S22": 0.8859933774736
            },
            "site_auc_std": 0.0,
            "per_hour_auc": {
              "0-5": 0.8671479453614797,
              "18-23": 0.8626742911947605
            },
            "first_pass_auc": 0.8450466991422818
          },
          "first_pass": {
            "macro_auc": 0.8450466991422818,
            "rare_auc": NaN,
            "frequent_auc": 0.8450466991422818,
            "per_site_auc": {
              "S22": 0.8450466991422818
            },
            "site_auc_std": 0.0,
            "per_hour_auc": {
              "0-5": 0.9268202457264957,
              "18-23": 0.8222692871126049
            }
          }
        },
        "1": {
          "final": {
            "macro_auc": 0.9401406832524877,
            "rare_auc": NaN,
            "frequent_auc": 0.9316504648599876,
            "per_site_auc": {
              "S18": 0.6666666666666666,
              "S22": 0.9435961775877229
            },
            "site_auc_std": 0.1384647554605281,
            "per_hour_auc": {
              "0-5": NaN,
              "18-23": 0.9521877067615144
            },
            "first_pass_auc": 0.9353295742094688
          },
          "first_pass": {
            "macro_auc": 0.9353295742094688,
            "rare_auc": NaN,
            "frequent_auc": 0.9253802779340025,
            "per_site_auc": {
              "S18": 0.6666666666666666,
              "S22": 0.9383882661801738
            },
            "site_auc_std": 0.13586079975675358,
            "per_hour_auc": {
              "0-5": NaN,
              "18-23": 0.9532310311168065
            }
          }
        },
        "2": {
          "final": {
            "macro_auc": 0.7958037878209445,
            "rare_auc": NaN,
            "frequent_auc": 0.7566426654183109,
            "per_site_auc": {
              "S19": 0.5828754164673787,
              "S22": 0.9016192272957262
            },
            "site_auc_std": 0.15937190541417373,
            "per_hour_auc": {
              "0-5": 0.8981862930067224,
              "18-23": 0.7291912541392754
            },
            "first_pass_auc": 0.7909305185602354
          },
          "first_pass": {
            "macro_auc": 0.7909305185602354,
            "rare_auc": NaN,
            "frequent_auc": 0.7510078121061796,
            "per_site_auc": {
              "S19": 0.5600812563305412,
              "S22": 0.8896608828399646
            },
            "site_auc_std": 0.1647898132547117,
            "per_hour_auc": {
              "0-5": 0.8917856172586022,
              "18-23": 0.7237414614258992
            }
          }
        },
        "3": {
          "final": {
            "macro_auc": 0.9083562749748592,
            "rare_auc": NaN,
            "frequent_auc": 0.8912859744574423,
            "per_site_auc": {
              "S13": NaN,
              "S22": 0.8916043932053678,
              "S23": NaN
            },
            "site_auc_std": 0.0,
            "per_hour_auc": {
              "0-5": 0.8297429981410102,
              "18-23": NaN
            },
            "first_pass_auc": 0.8768124143348911
          },
          "first_pass": {
            "macro_auc": 0.8768124143348911,
            "rare_auc": NaN,
            "frequent_auc": 0.8581538912016967,
            "per_site_auc": {
              "S13": NaN,
              "S22": 0.8606057857329534,
              "S23": NaN
            },
            "site_auc_std": 0.0,
            "per_hour_auc": {
              "0-5": 0.8271189575070294,
              "18-23": NaN
            }
          }
        },
        "4": {
          "final": {
            "macro_auc": 0.7402715041893676,
            "rare_auc": NaN,
            "frequent_auc": 0.7296886063528505,
            "per_site_auc": {
              "S03": 0.9045454545454545,
              "S08": NaN,
              "S15": NaN,
              "S22": NaN
            },
            "site_auc_std": 0.0,
            "per_hour_auc": {
              "0-5": NaN,
              "18-23": 0.7662011520082852,
              "6-11": 0.6945582426019868
            },
            "first_pass_auc": 0.7431803377675917
          },
          "first_pass": {
            "macro_auc": 0.7431803377675917,
            "rare_auc": NaN,
            "frequent_auc": 0.7267423327167324,
            "per_site_auc": {
              "S03": 0.95,
              "S08": NaN,
              "S15": NaN,
              "S22": NaN
            },
            "site_auc_std": 0.0,
            "per_hour_auc": {
              "0-5": NaN,
              "18-23": 0.7633653630617372,
              "6-11": 0.7140589828315598
            }
          }
        }
      },
      "v_anchor": {
        "macro_auc": 0.8324569045242575,
        "rare_auc": NaN,
        "frequent_auc": 0.8438445482318067,
        "per_site_auc": {
          "S03": NaN,
          "S08": 0.7998030629990965,
          "S13": NaN,
          "S15": NaN,
          "S19": NaN,
          "S22": 0.892728573642896,
          "S23": NaN
        },
        "site_auc_std": 0.04646275532189975,
        "per_hour_auc": {
          "0-5": 0.8010116951075805,
          "18-23": 0.8773683271813536,
          "6-11": 0.842988464060165
        },
        "first_pass_auc": 0.822014140309693
      },
      "global_first_pass": {
        "macro_auc": 0.8882867753397243,
        "rare_auc": NaN,
        "frequent_auc": 0.8828064763258,
        "per_site_auc": {
          "S03": 0.95,
          "S08": NaN,
          "S13": NaN,
          "S15": NaN,
          "S18": 0.6666666666666666,
          "S19": 0.5600812563305412,
          "S22": 0.8928457369073775,
          "S23": NaN
        },
        "site_auc_std": 0.15984966282363014,
        "per_hour_auc": {
          "0-5": 0.9001047181173026,
          "18-23": 0.8509700081272042,
          "6-11": 0.7140589828315598
        }
      },