{
  "config": {
    "seed": 42,
    "ensemble_w": 0.5,
    "lambda_prior": 0.0,
    "correction_weight": 0.0,
    "loss": "focal_bce",
    "focal_alpha": 0.25,
    "focal_gamma": 2.0,
    "label_smoothing": 0.03,
    "mask_secondary": false,
    "tta": "window_roll",
    "tta_shifts": [
      0,
      1,
      -1,
      2,
      -2
    ],
    "tta_shifts_secs": [
      0.0,
      1.25,
      -1.25,
      2.5,
      -2.5
    ],
    "smoothing": "gaussian",
    "smoothing_alpha": 0.2,
    "use_boost": true,
    "boost_threshold": 0.5,
    "boost_lift": 0.25,
    "file_conf_top_k": 2,
    "file_conf_power": 0.0,
    "rank_power": 0.0,
    "threshold_grid": [
      0.5
    ],
    "proto_n_epochs": 80,
    "proto_lr": 0.0008,
    "proto_patience": 20,
    "proto_pos_weight_cap": 25.0,
    "proto_distill_weight": 0.15,
    "proto_swa_start_frac": 0.65,
    "proto_swa_lr": 0.0004,
    "residual_n_epochs": 40,
    "residual_lr": 0.0008,
    "residual_patience": 12,
    "residual_d_model": 128,
    "residual_d_state": 16,
    "residual_dropout": 0.1,
    "mlp_pca_dim": 64,
    "mlp_alpha_blend": 0.4,
    "mlp_min_pos": 5,
    "n_sites_cap": 20,
    "name": "no_scaling"
  },
  "config_hash": "e40fe540e6",
  "result": {
    "metrics": {
      "global": {
        "macro_auc": 0.8899078903864716,
        "rare_auc": NaN,
        "frequent_auc": 0.892573024057975,
        "per_site_auc": {
          "S03": 0.9045454545454545,
          "S08": NaN,
          "S13": NaN,
          "S15": NaN,
          "S18": 0.6543209876543209,
          "S19": 0.5723430090599713,
          "S22": 0.9042315088893587,
          "S23": NaN
        },
        "site_auc_std": 0.14838642144261965,
        "per_hour_auc": {
          "0-5": 0.9080543566134772,
          "18-23": 0.8659213835002999,
          "6-11": 0.6993727579910398
        },
        "first_pass_auc": 0.8887615064752982
      },
      "per_fold": {
        "0": {
          "final": {
            "macro_auc": 0.8578487663386646,
            "rare_auc": NaN,
            "frequent_auc": 0.8578487663386646,
            "per_site_auc": {
              "S22": 0.8578487663386646
            },
            "site_auc_std": 0.0,
            "per_hour_auc": {
              "0-5": 0.8908532810982847,
              "18-23": 0.8339321802433722
            },
            "first_pass_auc": 0.8418309205630654
          },
          "first_pass": {
            "macro_auc": 0.8418309205630654,
            "rare_auc": NaN,
            "frequent_auc": 0.8418309205630654,
            "per_site_auc": {
              "S22": 0.8418309205630654
            },
            "site_auc_std": 0.0,
            "per_hour_auc": {
              "0-5": 0.9210216346153846,
              "18-23": 0.8167269318972643
            }
          }
        },
        "1": {
          "final": {
            "macro_auc": 0.9341044019350104,
            "rare_auc": NaN,
            "frequent_auc": 0.9254044321392463,
            "per_site_auc": {
              "S18": 0.6543209876543209,
              "S22": 0.9379574724091021
            },
            "site_auc_std": 0.1418182423773906,
            "per_hour_auc": {
              "0-5": NaN,
              "18-23": 0.9506383266206448
            },
            "first_pass_auc": 0.9334779038069204
          },
          "first_pass": {
            "macro_auc": 0.9334779038069204,
            "rare_auc": NaN,
            "frequent_auc": 0.9232437351618312,
            "per_site_auc": {
              "S18": 0.6666666666666666,
              "S22": 0.9370357359770476
            },
            "site_auc_std": 0.13518453465519048,
            "per_hour_auc": {
              "0-5": NaN,
              "18-23": 0.9516845771404223
            }
          }
        },
        "2": {
          "final": {
            "macro_auc": 0.8029231092030378,
            "rare_auc": NaN,
            "frequent_auc": 0.7652607913018974,
            "per_site_auc": {
              "S19": 0.5723430090599713,
              "S22": 0.9053153051862797
            },
            "site_auc_std": 0.1664861480631542,
            "per_hour_auc": {
              "0-5": 0.9088677651810996,
              "18-23": 0.7387962950237036
            },
            "first_pass_auc": 0.7968065952324382
          },
          "first_pass": {
            "macro_auc": 0.7968065952324382,
            "rare_auc": NaN,
            "frequent_auc": 0.7581209575514777,
            "per_site_auc": {
              "S19": 0.5654121925038686,
              "S22": 0.8959927982860834
            },
            "site_auc_std": 0.16529030289110735,
            "per_hour_auc": {
              "0-5": 0.8903006407318379,
              "18-23": 0.7374986816264995
            }
          }
        },
        "3": {
          "final": {
            "macro_auc": 0.8972919504910252,
            "rare_auc": NaN,
            "frequent_auc": 0.8791872362552926,
            "per_site_auc": {
              "S13": NaN,
              "S22": 0.8796299718798547,
              "S23": NaN
            },
            "site_auc_std": 0.0,
            "per_hour_auc": {
              "0-5": 0.8270364454344574,
              "18-23": NaN
            },
            "first_pass_auc": 0.8747378050415353
          },
          "first_pass": {
            "macro_auc": 0.8747378050415353,
            "rare_auc": NaN,
            "frequent_auc": 0.8556643600496698,
            "per_site_auc": {
              "S13": NaN,
              "S22": 0.8511445403301212,
              "S23": NaN
            },
            "site_auc_std": 0.0,
            "per_hour_auc": {
              "0-5": 0.8252671056551776,
              "18-23": NaN
            }
          }
        },
        "4": {
          "final": {
            "macro_auc": 0.7448436082246871,
            "rare_auc": NaN,
            "frequent_auc": 0.7398455158477868,
            "per_site_auc": {
              "S03": 0.9045454545454545,
              "S08": NaN,
              "S15": NaN,
              "S22": NaN
            },
            "site_auc_std": 0.0,
            "per_hour_auc": {
              "0-5": NaN,
              "18-23": 0.7890444633341016,
              "6-11": 0.6993727579910398
            },
            "first_pass_auc": 0.746238730779136
          },
          "first_pass": {
            "macro_auc": 0.746238730779136,
            "rare_auc": NaN,
            "frequent_auc": 0.7308553440081194,
            "per_site_auc": {
              "S03": 0.95,
              "S08": NaN,
              "S15": NaN,
              "S22": NaN
            },
            "site_auc_std": 0.0,
            "per_hour_auc": {
              "0-5": NaN,
              "18-23": 0.785119064654012,
              "6-11": 0.7152109366822562
            }
          }
        }
      },
      "v_anchor": {
        "macro_auc": 0.8267679245683288,
        "rare_auc": NaN,
        "frequent_auc": 0.8343615359036235,
        "per_site_auc": {
          "S03": NaN,
          "S08": 0.7998030629990965,
          "S13": NaN,
          "S15": NaN,
          "S19": NaN,
          "S22": 0.8970888310403332,
          "S23": NaN
        },
        "site_auc_std": 0.04864288402061834,
        "per_hour_auc": {
          "0-5": 0.793715991210792,
          "18-23": 0.8791879278954239,
          "6-11": 0.8594926527268252
        },
        "first_pass_auc": 0.8208808625196727
      },
      "global_first_pass": {
        "macro_auc": 0.8887615064752982,
        "rare_auc": NaN,
        "frequent_auc": 0.8843738639095226,
        "per_site_auc": {
          "S03": 0.95,
          "S08": NaN,
          "S13": NaN,
          "S15": NaN,
          "S18": 0.6666666666666666,
          "S19": 0.5654121925038686,
          "S22": 0.8977600973365654,
          "S23": NaN
        },
        "site_auc_std": 0.15910419914441987,
        "per_hour_auc": {
          "0-5": 0.8990518264398665,
          "18-23": 0.8575722986069619,
          "6-11": 0.7152109366822562
        }
      },