{
  "config": {
    "seed": 42,
    "ensemble_w": 0.5,
    "lambda_prior": 0.0,
    "correction_weight": 0.0,
    "loss": "focal_bce",
    "focal_alpha": 0.25,
    "focal_gamma": 2.0,
    "label_smoothing": 0.03,
    "mask_secondary": false,
    "tta": "window_roll",
    "tta_shifts": [
      0,
      1,
      -1,
      2,
      -2
    ],
    "tta_shifts_secs": [
      0.0,
      1.25,
      -1.25,
      2.5,
      -2.5
    ],
    "smoothing": "gaussian",
    "smoothing_alpha": 0.2,
    "use_boost": true,
    "boost_threshold": 0.5,
    "boost_lift": 0.25,
    "file_conf_top_k": 2,
    "file_conf_power": 0.4,
    "rank_power": 0.4,
    "threshold_grid": [
      0.5
    ],
    "proto_n_epochs": 30,
    "proto_lr": 0.0008,
    "proto_patience": 10,
    "proto_pos_weight_cap": 25.0,
    "proto_distill_weight": 0.15,
    "proto_swa_start_frac": 0.65,
    "proto_swa_lr": 0.0004,
    "residual_n_epochs": 40,
    "residual_lr": 0.0008,
    "residual_patience": 12,
    "residual_d_model": 128,
    "residual_d_state": 16,
    "residual_dropout": 0.1,
    "mlp_pca_dim": 64,
    "mlp_alpha_blend": 0.4,
    "mlp_min_pos": 5,
    "n_sites_cap": 20,
    "name": "proto_short"
  },
  "config_hash": "c6dc364c5d",
  "result": {
    "metrics": {
      "global": {
        "macro_auc": 0.8934003044623693,
        "rare_auc": NaN,
        "frequent_auc": 0.8946933260059212,
        "per_site_auc": {
          "S03": 0.9045454545454545,
          "S08": NaN,
          "S13": NaN,
          "S15": NaN,
          "S18": 0.6543209876543209,
          "S19": 0.5838439837188407,
          "S22": 0.9117961908169726,
          "S23": NaN
        },
        "site_auc_std": 0.14669854908657307,
        "per_hour_auc": {
          "0-5": 0.8960127573941432,
          "18-23": 0.8684206268620276,
          "6-11": 0.7167820794056453
        },
        "first_pass_auc": 0.8886273507273024
      },
      "per_fold": {
        "0": {
          "final": {
            "macro_auc": 0.8878076679364071,
            "rare_auc": NaN,
            "frequent_auc": 0.8878076679364071,
            "per_site_auc": {
              "S22": 0.8878076679364071
            },
            "site_auc_std": 0.0,
            "per_hour_auc": {
              "0-5": 0.8601998214842272,
              "18-23": 0.8656300875765935
            },
            "first_pass_auc": 0.8428185634982642
          },
          "first_pass": {
            "macro_auc": 0.8428185634982642,
            "rare_auc": NaN,
            "frequent_auc": 0.8428185634982642,
            "per_site_auc": {
              "S22": 0.8428185634982642
            },
            "site_auc_std": 0.0,
            "per_hour_auc": {
              "0-5": 0.9104807692307691,
              "18-23": 0.8197102131891417
            }
          }
        },
        "1": {
          "final": {
            "macro_auc": 0.9425284471284981,
            "rare_auc": NaN,
            "frequent_auc": 0.9344055770246149,
            "per_site_auc": {
              "S18": 0.6543209876543209,
              "S22": 0.9470799940686415
            },
            "site_auc_std": 0.1463795032071603,
            "per_hour_auc": {
              "0-5": NaN,
              "18-23": 0.9518528140133705
            },
            "first_pass_auc": 0.9339570369422123
          },
          "first_pass": {
            "macro_auc": 0.9339570369422123,
            "rare_auc": NaN,
            "frequent_auc": 0.9237965810871681,
            "per_site_auc": {
              "S18": 0.6666666666666666,
              "S22": 0.9380874492492687
            },
            "site_auc_std": 0.13571039129130102,
            "per_hour_auc": {
              "0-5": NaN,
              "18-23": 0.9530322110959268
            }
          }
        },
        "2": {
          "final": {
            "macro_auc": 0.8079402320284125,
            "rare_auc": NaN,
            "frequent_auc": 0.7715223470642417,
            "per_site_auc": {
              "S19": 0.5838439837188407,
              "S22": 0.9107531781744922
            },
            "site_auc_std": 0.16345459722782574,
            "per_hour_auc": {
              "0-5": 0.8978500880576531,
              "18-23": 0.7514292353637755
            },
            "first_pass_auc": 0.7975850267838054
          },
          "first_pass": {
            "macro_auc": 0.7975850267838054,
            "rare_auc": NaN,
            "frequent_auc": 0.7608218301182443,
            "per_site_auc": {
              "S19": 0.5668637191162934,
              "S22": 0.8959604607478429
            },
            "site_auc_std": 0.16454837081577472,
            "per_hour_auc": {
              "0-5": 0.8891887777174013,
              "18-23": 0.7438440153614123
            }
          }
        },
        "3": {
          "final": {
            "macro_auc": 0.8890462489026865,
            "rare_auc": NaN,
            "frequent_auc": 0.8681139431708349,
            "per_site_auc": {
              "S13": NaN,
              "S22": 0.876363978963285,
              "S23": NaN
            },
            "site_auc_std": 0.0,
            "per_hour_auc": {
              "0-5": 0.7879160750640871,
              "18-23": NaN
            },
            "first_pass_auc": 0.856476737945051
          },
          "first_pass": {
            "macro_auc": 0.856476737945051,
            "rare_auc": NaN,
            "frequent_auc": 0.833694962811105,
            "per_site_auc": {
              "S13": NaN,
              "S22": 0.8500376721615006,
              "S23": NaN
            },
            "site_auc_std": 0.0,
            "per_hour_auc": {
              "0-5": 0.781100438988511,
              "18-23": NaN
            }
          }
        },
        "4": {
          "final": {
            "macro_auc": 0.7444835034662084,
            "rare_auc": NaN,
            "frequent_auc": 0.738058217616623,
            "per_site_auc": {
              "S03": 0.9045454545454545,
              "S08": NaN,
              "S15": NaN,
              "S22": NaN
            },
            "site_auc_std": 0.0,
            "per_hour_auc": {
              "0-5": NaN,
              "18-23": 0.78614857907412,
              "6-11": 0.7167820794056453
            },
            "first_pass_auc": 0.7464342646282953
          },
          "first_pass": {
            "macro_auc": 0.7464342646282953,
            "rare_auc": NaN,
            "frequent_auc": 0.7307836519035985,
            "per_site_auc": {
              "S03": 0.95,
              "S08": NaN,
              "S15": NaN,
              "S22": NaN
            },
            "site_auc_std": 0.0,
            "per_hour_auc": {
              "0-5": NaN,
              "18-23": 0.7846683890420507,
              "6-11": 0.7354094503291645
            }
          }
        }
      },
      "v_anchor": {
        "macro_auc": 0.8282240662535129,
        "rare_auc": NaN,
        "frequent_auc": 0.8384340212738,
        "per_site_auc": {
          "S03": NaN,
          "S08": 0.7390860530830019,
          "S13": NaN,
          "S15": NaN,
          "S19": NaN,
          "S22": 0.8974536674921261,
          "S23": NaN
        },
        "site_auc_std": 0.07918380720456208,
        "per_hour_auc": {
          "0-5": 0.803304728467212,
          "18-23": 0.8860112143235044,
          "6-11": 0.8056524389953071
        },
        "first_pass_auc": 0.8179722683148979
      },
      "global_first_pass": {
        "macro_auc": 0.8886273507273024,
        "rare_auc": NaN,
        "frequent_auc": 0.8823256061606228,
        "per_site_auc": {
          "S03": 0.95,
          "S08": NaN,
          "S13": NaN,
          "S15": NaN,
          "S18": 0.6666666666666666,
          "S19": 0.5668637191162934,
          "S22": 0.8959400285305781,
          "S23": NaN
        },
        "site_auc_std": 0.15827424542552312,
        "per_hour_auc": {
          "0-5": 0.8807553500389854,
          "18-23": 0.8562315629486432,
          "6-11": 0.7354094503291645
        }
      },