{
  "config": {
    "seed": 42,
    "ensemble_w": 0.5,
    "lambda_prior": 0.0,
    "correction_weight": 0.0,
    "loss": "focal_bce",
    "focal_alpha": 0.25,
    "focal_gamma": 2.0,
    "label_smoothing": 0.03,
    "mask_secondary": false,
    "tta": "window_roll",
    "tta_shifts": [
      0,
      1,
      -1,
      2,
      -2
    ],
    "tta_shifts_secs": [
      0.0,
      1.25,
      -1.25,
      2.5,
      -2.5
    ],
    "smoothing": "gaussian",
    "smoothing_alpha": 0.2,
    "use_boost": true,
    "boost_threshold": 0.5,
    "boost_lift": 0.25,
    "file_conf_top_k": 2,
    "file_conf_power": 0.4,
    "rank_power": 0.4,
    "threshold_grid": [
      0.5
    ],
    "proto_n_epochs": 80,
    "proto_lr": 0.0008,
    "proto_patience": 20,
    "proto_pos_weight_cap": 25.0,
    "proto_distill_weight": 0.3,
    "proto_swa_start_frac": 0.65,
    "proto_swa_lr": 0.0004,
    "residual_n_epochs": 40,
    "residual_lr": 0.0008,
    "residual_patience": 12,
    "residual_d_model": 128,
    "residual_d_state": 16,
    "residual_dropout": 0.1,
    "mlp_pca_dim": 64,
    "mlp_alpha_blend": 0.4,
    "mlp_min_pos": 5,
    "n_sites_cap": 20,
    "name": "proto_distill_heavy"
  },
  "config_hash": "0c5c8c06b9",
  "result": {
    "metrics": {
      "global": {
        "macro_auc": 0.8872690767700118,
        "rare_auc": NaN,
        "frequent_auc": 0.891502927722785,
        "per_site_auc": {
          "S03": 0.9045454545454545,
          "S08": NaN,
          "S13": NaN,
          "S15": NaN,
          "S18": 0.6543209876543209,
          "S19": 0.6120558037966896,
          "S22": 0.9127813945583619,
          "S23": NaN
        },
        "site_auc_std": 0.13857631448421784,
        "per_hour_auc": {
          "0-5": 0.913802493631201,
          "18-23": 0.8733126960874278,
          "6-11": 0.665527723720331
        },
        "first_pass_auc": 0.8842319448276271
      },
      "per_fold": {
        "0": {
          "final": {
            "macro_auc": 0.8843580761270483,
            "rare_auc": NaN,
            "frequent_auc": 0.8843580761270483,
            "per_site_auc": {
              "S22": 0.8843580761270483
            },
            "site_auc_std": 0.0,
            "per_hour_auc": {
              "0-5": 0.8710091530138865,
              "18-23": 0.8643800524385714
            },
            "first_pass_auc": 0.8430114427666957
          },
          "first_pass": {
            "macro_auc": 0.8430114427666957,
            "rare_auc": NaN,
            "frequent_auc": 0.8430114427666957,
            "per_site_auc": {
              "S22": 0.8430114427666957
            },
            "site_auc_std": 0.0,
            "per_hour_auc": {
              "0-5": 0.9221875,
              "18-23": 0.81840303869545
            }
          }
        },
        "1": {
          "final": {
            "macro_auc": 0.9417306554932274,
            "rare_auc": NaN,
            "frequent_auc": 0.9334850482146873,
            "per_site_auc": {
              "S18": 0.6543209876543209,
              "S22": 0.9461780296249285
            },
            "site_auc_std": 0.1459285209853038,
            "per_hour_auc": {
              "0-5": NaN,
              "18-23": 0.9511790695495488
            },
            "first_pass_auc": 0.9354067870253673
          },
          "first_pass": {
            "macro_auc": 0.9354067870253673,
            "rare_auc": NaN,
            "frequent_auc": 0.9254693696446545,
            "per_site_auc": {
              "S18": 0.6969696969696969,
              "S22": 0.9381510307303434
            },
            "site_auc_std": 0.12059066688032327,
            "per_hour_auc": {
              "0-5": NaN,
              "18-23": 0.952435550597084
            }
          }
        },
        "2": {
          "final": {
            "macro_auc": 0.7947881901441325,
            "rare_auc": NaN,
            "frequent_auc": 0.7616434486394471,
            "per_site_auc": {
              "S19": 0.6120558037966896,
              "S22": 0.9067228416572541
            },
            "site_auc_std": 0.1473335189302823,
            "per_hour_auc": {
              "0-5": 0.9002701384043859,
              "18-23": 0.7569545629944048
            },
            "first_pass_auc": 0.7874913985511216
          },
          "first_pass": {
            "macro_auc": 0.7874913985511216,
            "rare_auc": NaN,
            "frequent_auc": 0.756608177073422,
            "per_site_auc": {
              "S19": 0.5960686896152102,
              "S22": 0.8949753025120517
            },
            "site_auc_std": 0.14945330644842075,
            "per_hour_auc": {
              "0-5": 0.8868856261071261,
              "18-23": 0.751829921950931
            }
          }
        },
        "3": {
          "final": {
            "macro_auc": 0.9065832359382139,
            "rare_auc": NaN,
            "frequent_auc": 0.8891583276134678,
            "per_site_auc": {
              "S13": NaN,
              "S22": 0.8890343080069397,
              "S23": NaN
            },
            "site_auc_std": 0.0,
            "per_hour_auc": {
              "0-5": 0.7991874425854545,
              "18-23": NaN
            },
            "first_pass_auc": 0.8790769278626374
          },
          "first_pass": {
            "macro_auc": 0.8790769278626374,
            "rare_auc": NaN,
            "frequent_auc": 0.8604705315133827,
            "per_site_auc": {
              "S13": NaN,
              "S22": 0.8541762131375062,
              "S23": NaN
            },
            "site_auc_std": 0.0,
            "per_hour_auc": {
              "0-5": 0.800498587136659,
              "18-23": NaN
            }
          }
        },
        "4": {
          "final": {
            "macro_auc": 0.7044350729266147,
            "rare_auc": NaN,
            "frequent_auc": 0.6842128219873259,
            "per_site_auc": {
              "S03": 0.9045454545454545,
              "S08": NaN,
              "S15": NaN,
              "S22": NaN
            },
            "site_auc_std": 0.0,
            "per_hour_auc": {
              "0-5": NaN,
              "18-23": 0.7859649085779494,
              "6-11": 0.665527723720331
            },
            "first_pass_auc": 0.7146231376767656
          },
          "first_pass": {
            "macro_auc": 0.7146231376767656,
            "rare_auc": NaN,
            "frequent_auc": 0.685875597106171,
            "per_site_auc": {
              "S03": 0.95,
              "S08": NaN,
              "S15": NaN,
              "S22": NaN
            },
            "site_auc_std": 0.0,
            "per_hour_auc": {
              "0-5": NaN,
              "18-23": 0.7843420638770113,
              "6-11": 0.6971763512506175
            }
          }
        }
      },
      "v_anchor": {
        "macro_auc": 0.8307677661577625,
        "rare_auc": NaN,
        "frequent_auc": 0.8443993520134446,
        "per_site_auc": {
          "S03": NaN,
          "S08": 0.8034262514048937,
          "S13": NaN,
          "S15": NaN,
          "S19": NaN,
          "S22": 0.9007906968074164,
          "S23": NaN
        },
        "site_auc_std": 0.04868222270126138,
        "per_hour_auc": {
          "0-5": 0.7726467403397117,
          "18-23": 0.8816601153378698,
          "6-11": 0.8368349159386536
        },
        "first_pass_auc": 0.8188526898015062
      },
      "global_first_pass": {
        "macro_auc": 0.8842319448276271,
        "rare_auc": NaN,
        "frequent_auc": 0.881419647564518,
        "per_site_auc": {
          "S03": 0.95,
          "S08": NaN,
          "S13": NaN,
          "S15": NaN,
          "S18": 0.6969696969696969,
          "S19": 0.5960686896152102,
          "S22": 0.899373010716368,
          "S23": NaN
        },
        "site_auc_std": 0.14469718912820234,
        "per_hour_auc": {
          "0-5": 0.8995865999990716,
          "18-23": 0.8615220862194556,
          "6-11": 0.6971763512506175
        }
      },