{
  "config": {
    "seed": 42,
    "ensemble_w": 0.25,
    "lambda_prior": 0.0,
    "correction_weight": 0.0,
    "loss": "focal_bce",
    "focal_alpha": 0.25,
    "focal_gamma": 2.0,
    "label_smoothing": 0.03,
    "mask_secondary": false,
    "tta": "window_roll",
    "tta_shifts": [
      0,
      1,
      -1,
      2,
      -2
    ],
    "tta_shifts_secs": [
      0.0,
      1.25,
      -1.25,
      2.5,
      -2.5
    ],
    "smoothing": "gaussian",
    "smoothing_alpha": 0.2,
    "use_boost": true,
    "boost_threshold": 0.5,
    "boost_lift": 0.25,
    "file_conf_top_k": 2,
    "file_conf_power": 0.4,
    "rank_power": 0.4,
    "threshold_grid": [
      0.5
    ],
    "proto_n_epochs": 30,
    "proto_lr": 0.0008,
    "proto_patience": 10,
    "proto_pos_weight_cap": 25.0,
    "proto_distill_weight": 0.15,
    "proto_swa_start_frac": 0.65,
    "proto_swa_lr": 0.0004,
    "residual_n_epochs": 40,
    "residual_lr": 0.0008,
    "residual_patience": 12,
    "residual_d_model": 128,
    "residual_d_state": 16,
    "residual_dropout": 0.1,
    "mlp_pca_dim": 64,
    "mlp_alpha_blend": 0.6,
    "mlp_min_pos": 5,
    "n_sites_cap": 20,
    "name": "proto_short_mlp_heavy"
  },
  "config_hash": "467d9ab5b9",
  "result": {
    "metrics": {
      "global": {
        "macro_auc": 0.8891509779283308,
        "rare_auc": NaN,
        "frequent_auc": 0.8878686856760882,
        "per_site_auc": {
          "S03": 0.9045454545454545,
          "S08": NaN,
          "S13": NaN,
          "S15": NaN,
          "S18": 0.6666666666666666,
          "S19": 0.5810399012272582,
          "S22": 0.8964561597974424,
          "S23": NaN
        },
        "site_auc_std": 0.14162674705966594,
        "per_hour_auc": {
          "0-5": 0.8919322510537976,
          "18-23": 0.8558859875227366,
          "6-11": 0.7110218515702894
        },
        "first_pass_auc": 0.886146219383986
      },
      "per_fold": {
        "0": {
          "final": {
            "macro_auc": 0.8861903229735091,
            "rare_auc": NaN,
            "frequent_auc": 0.8861903229735091,
            "per_site_auc": {
              "S22": 0.8861903229735091
            },
            "site_auc_std": 0.0,
            "per_hour_auc": {
              "0-5": 0.8600949512195104,
              "18-23": 0.8642542966765657
            },
            "first_pass_auc": 0.8447723215577067
          },
          "first_pass": {
            "macro_auc": 0.8447723215577067,
            "rare_auc": NaN,
            "frequent_auc": 0.8447723215577067,
            "per_site_auc": {
              "S22": 0.8447723215577067
            },
            "site_auc_std": 0.0,
            "per_hour_auc": {
              "0-5": 0.9227550747863248,
              "18-23": 0.8235793547933475
            }
          }
        },
        "1": {
          "final": {
            "macro_auc": 0.9419311817859394,
            "rare_auc": NaN,
            "frequent_auc": 0.9337164247062779,
            "per_site_auc": {
              "S18": 0.6666666666666666,
              "S22": 0.9442070211783019
            },
            "site_auc_std": 0.13877017725581764,
            "per_hour_auc": {
              "0-5": NaN,
              "18-23": 0.9530022392643815
            },
            "first_pass_auc": 0.9352114144651817
          },
          "first_pass": {
            "macro_auc": 0.9352114144651817,
            "rare_auc": NaN,
            "frequent_auc": 0.9252439397675174,
            "per_site_auc": {
              "S18": 0.6666666666666666,
              "S22": 0.9376828130958728
            },
            "site_auc_std": 0.13550807321460306,
            "per_hour_auc": {
              "0-5": NaN,
              "18-23": 0.9534615144609666
            }
          }
        },
        "2": {
          "final": {
            "macro_auc": 0.7907490338647459,
            "rare_auc": NaN,
            "frequent_auc": 0.7507119492871716,
            "per_site_auc": {
              "S19": 0.5810399012272582,
              "S22": 0.8914941394394547
            },
            "site_auc_std": 0.1552271191060982,
            "per_hour_auc": {
              "0-5": 0.8874560113712557,
              "18-23": 0.7240874772394519
            },
            "first_pass_auc": 0.7861210123771832
          },
          "first_pass": {
            "macro_auc": 0.7861210123771832,
            "rare_auc": NaN,
            "frequent_auc": 0.7469443389944386,
            "per_site_auc": {
              "S19": 0.5667532393183137,
              "S22": 0.8790656494819055
            },
            "site_auc_std": 0.1561562050817959,
            "per_hour_auc": {
              "0-5": 0.8846259072372817,
              "18-23": 0.7204125235144895
            }
          }
        },
        "3": {
          "final": {
            "macro_auc": 0.8901994154768378,
            "rare_auc": NaN,
            "frequent_auc": 0.8696660932281665,
            "per_site_auc": {
              "S13": NaN,
              "S22": 0.8915050565587866,
              "S23": NaN
            },
            "site_auc_std": 0.0,
            "per_hour_auc": {
              "0-5": 0.792550313374796,
              "18-23": NaN
            },
            "first_pass_auc": 0.8585816614592842
          },
          "first_pass": {
            "macro_auc": 0.8585816614592842,
            "rare_auc": NaN,
            "frequent_auc": 0.8361086375826183,
            "per_site_auc": {
              "S13": NaN,
              "S22": 0.8616481539949862,
              "S23": NaN
            },
            "site_auc_std": 0.0,
            "per_hour_auc": {
              "0-5": 0.7834152538033258,
              "18-23": NaN
            }
          }
        },
        "4": {
          "final": {
            "macro_auc": 0.7364782540365475,
            "rare_auc": NaN,
            "frequent_auc": 0.7282967835545114,
            "per_site_auc": {
              "S03": 0.9045454545454545,
              "S08": NaN,
              "S15": NaN,
              "S22": NaN
            },
            "site_auc_std": 0.0,
            "per_hour_auc": {
              "0-5": NaN,
              "18-23": 0.758228887336606,
              "6-11": 0.7110218515702894
            },
            "first_pass_auc": 0.7377807178455034
          },
          "first_pass": {
            "macro_auc": 0.7377807178455034,
            "rare_auc": NaN,
            "frequent_auc": 0.7196365965410281,
            "per_site_auc": {
              "S03": 0.95,
              "S08": NaN,
              "S15": NaN,
              "S22": NaN
            },
            "site_auc_std": 0.0,
            "per_hour_auc": {
              "0-5": NaN,
              "18-23": 0.735459442174031,
              "6-11": 0.7316849770751729
            }
          }
        }
      },
      "v_anchor": {
        "macro_auc": 0.8324130683591876,
        "rare_auc": NaN,
        "frequent_auc": 0.8441882012618581,
        "per_site_auc": {
          "S03": NaN,
          "S08": 0.7373316671180897,
          "S13": NaN,
          "S15": NaN,
          "S19": NaN,
          "S22": 0.89593401554399,
          "S23": NaN
        },
        "site_auc_std": 0.07930117421295013,
        "per_hour_auc": {
          "0-5": 0.8335193372226921,
          "18-23": 0.8748262132317653,
          "6-11": 0.8017154335480041
        },
        "first_pass_auc": 0.8198398963005896
      },
      "global_first_pass": {
        "macro_auc": 0.886146219383986,
        "rare_auc": NaN,
        "frequent_auc": 0.8777670779745749,
        "per_site_auc": {
          "S03": 0.95,
          "S08": NaN,
          "S13": NaN,
          "S15": NaN,
          "S18": 0.6666666666666666,
          "S19": 0.5667532393183137,
          "S22": 0.8841221111324841,
          "S23": NaN
        },
        "site_auc_std": 0.15602249791323053,
        "per_hour_auc": {
          "0-5": 0.881333556816683,
          "18-23": 0.8426287180731236,