{
  "config": {
    "seed": 42,
    "ensemble_w": 0.5,
    "lambda_prior": 0.0,
    "correction_weight": 0.0,
    "loss": "focal_bce",
    "focal_alpha": 0.25,
    "focal_gamma": 2.0,
    "label_smoothing": 0.03,
    "mask_secondary": false,
    "tta": "window_roll",
    "tta_shifts": [
      0,
      1,
      -1,
      2,
      -2
    ],
    "tta_shifts_secs": [
      0.0,
      1.25,
      -1.25,
      2.5,
      -2.5
    ],
    "smoothing": "none",
    "smoothing_alpha": 0.2,
    "use_boost": true,
    "boost_threshold": 0.5,
    "boost_lift": 0.25,
    "file_conf_top_k": 2,
    "file_conf_power": 0.4,
    "rank_power": 0.4,
    "threshold_grid": [
      0.5
    ],
    "proto_n_epochs": 80,
    "proto_lr": 0.0008,
    "proto_patience": 20,
    "proto_pos_weight_cap": 25.0,
    "proto_distill_weight": 0.15,
    "proto_swa_start_frac": 0.65,
    "proto_swa_lr": 0.0004,
    "residual_n_epochs": 40,
    "residual_lr": 0.0008,
    "residual_patience": 12,
    "residual_d_model": 128,
    "residual_d_state": 16,
    "residual_dropout": 0.1,
    "mlp_pca_dim": 64,
    "mlp_alpha_blend": 0.4,
    "mlp_min_pos": 5,
    "n_sites_cap": 20,
    "name": "smooth_off"
  },
  "config_hash": "94376508a2",
  "result": {
    "metrics": {
      "global": {
        "macro_auc": 0.898686467453252,
        "rare_auc": NaN,
        "frequent_auc": 0.8955469029884108,
        "per_site_auc": {
          "S03": 0.95,
          "S08": NaN,
          "S13": NaN,
          "S15": NaN,
          "S18": 0.6666666666666666,
          "S19": 0.5785094926565049,
          "S22": 0.9180166929812016,
          "S23": NaN
        },
        "site_auc_std": 0.15920104602397658,
        "per_hour_auc": {
          "0-5": 0.913005801954483,
          "18-23": 0.873778311612989,
          "6-11": 0.7213022095132926
        },
        "first_pass_auc": 0.8887615064752982
      },
      "per_fold": {
        "0": {
          "final": {
            "macro_auc": 0.8817251735553997,
            "rare_auc": NaN,
            "frequent_auc": 0.8817251735553997,
            "per_site_auc": {
              "S22": 0.8817251735553997
            },
            "site_auc_std": 0.0,
            "per_hour_auc": {
              "0-5": 0.9154609196660827,
              "18-23": 0.8620769646328674
            },
            "first_pass_auc": 0.8418309205630654
          },
          "first_pass": {
            "macro_auc": 0.8418309205630654,
            "rare_auc": NaN,
            "frequent_auc": 0.8418309205630654,
            "per_site_auc": {
              "S22": 0.8418309205630654
            },
            "site_auc_std": 0.0,
            "per_hour_auc": {
              "0-5": 0.9210216346153846,
              "18-23": 0.8167269318972643
            }
          }
        },
        "1": {
          "final": {
            "macro_auc": 0.9471441208268484,
            "rare_auc": NaN,
            "frequent_auc": 0.939012447107902,
            "per_site_auc": {
              "S18": 0.6666666666666666,
              "S22": 0.9511650674458045
            },
            "site_auc_std": 0.14224920038956895,
            "per_hour_auc": {
              "0-5": NaN,
              "18-23": 0.956673297674222
            },
            "first_pass_auc": 0.9334779038069204
          },
          "first_pass": {
            "macro_auc": 0.9334779038069204,
            "rare_auc": NaN,
            "frequent_auc": 0.9232437351618312,
            "per_site_auc": {
              "S18": 0.6666666666666666,
              "S22": 0.9370357359770476
            },
            "site_auc_std": 0.13518453465519048,
            "per_hour_auc": {
              "0-5": NaN,
              "18-23": 0.9516845771404223
            }
          }
        },
        "2": {
          "final": {
            "macro_auc": 0.8064338591544482,
            "rare_auc": NaN,
            "frequent_auc": 0.7693986207727616,
            "per_site_auc": {
              "S19": 0.5785094926565049,
              "S22": 0.9117446259785601
            },
            "site_auc_std": 0.16661756666102762,
            "per_hour_auc": {
              "0-5": 0.9010333749592215,
              "18-23": 0.7502810689271951
            },
            "first_pass_auc": 0.7968065952324382
          },
          "first_pass": {
            "macro_auc": 0.7968065952324382,
            "rare_auc": NaN,
            "frequent_auc": 0.7581209575514777,
            "per_site_auc": {
              "S19": 0.5654121925038686,
              "S22": 0.8959927982860834
            },
            "site_auc_std": 0.16529030289110735,
            "per_hour_auc": {
              "0-5": 0.8903006407318379,
              "18-23": 0.7374986816264995
            }
          }
        },
        "3": {
          "final": {
            "macro_auc": 0.9057602958727854,
            "rare_auc": NaN,
            "frequent_auc": 0.8882989507047714,
            "per_site_auc": {
              "S13": NaN,
              "S22": 0.8900640214302178,
              "S23": NaN
            },
            "site_auc_std": 0.0,
            "per_hour_auc": {
              "0-5": 0.8338250365435822,
              "18-23": NaN
            },
            "first_pass_auc": 0.8747378050415353
          },
          "first_pass": {
            "macro_auc": 0.8747378050415353,
            "rare_auc": NaN,
            "frequent_auc": 0.8556643600496698,
            "per_site_auc": {
              "S13": NaN,
              "S22": 0.8511445403301212,
              "S23": NaN
            },
            "site_auc_std": 0.0,
            "per_hour_auc": {
              "0-5": 0.8252671056551776,
              "18-23": NaN
            }
          }
        },
        "4": {
          "final": {
            "macro_auc": 0.7535760621309954,
            "rare_auc": NaN,
            "frequent_auc": 0.7370938448717144,
            "per_site_auc": {
              "S03": 0.95,
              "S08": NaN,
              "S15": NaN,
              "S22": NaN
            },
            "site_auc_std": 0.0,
            "per_hour_auc": {
              "0-5": NaN,
              "18-23": 0.8020239230537574,
              "6-11": 0.7213022095132926
            },
            "first_pass_auc": 0.746238730779136
          },
          "first_pass": {
            "macro_auc": 0.746238730779136,
            "rare_auc": NaN,
            "frequent_auc": 0.7308553440081194,
            "per_site_auc": {
              "S03": 0.95,
              "S08": NaN,
              "S15": NaN,
              "S22": NaN
            },
            "site_auc_std": 0.0,
            "per_hour_auc": {
              "0-5": NaN,
              "18-23": 0.785119064654012,
              "6-11": 0.7152109366822562
            }
          }
        }
      },
      "v_anchor": {
        "macro_auc": 0.8319633409865256,
        "rare_auc": NaN,
        "frequent_auc": 0.8397167911644903,
        "per_site_auc": {
          "S03": NaN,
          "S08": 0.7985799436600353,
          "S13": NaN,
          "S15": NaN,
          "S19": NaN,
          "S22": 0.9007974983236464,
          "S23": NaN
        },
        "site_auc_std": 0.05110877733180558,
        "per_hour_auc": {
          "0-5": 0.7956154511563257,
          "18-23": 0.8879891056695054,
          "6-11": 0.8636375853995991
        },
        "first_pass_auc": 0.8208808625196727
      },
      "global_first_pass": {
        "macro_auc": 0.8887615064752982,
        "rare_auc": NaN,
        "frequent_auc": 0.8843738639095226,
        "per_site_auc": {
          "S03": 0.95,
          "S08": NaN,
          "S13": NaN,
          "S15": NaN,
          "S18": 0.6666666666666666,
          "S19": 0.5654121925038686,
          "S22": 0.8977600973365654,
          "S23": NaN
        },
        "site_auc_std": 0.15910419914441987,
        "per_hour_auc": {
          "0-5": 0.8990518264398665,
          "18-23": 0.8575722986069619,
          "6-11": 0.7152109366822562
        }
      },