{
  "primary": 0.9722787225978891,
  "mean_oof_auc": 0.9722787225978891,
  "macro_auc": 0.959656251051826,
  "calibration_drift": 0.012622471546063108,
  "site_auc_std": 0.14320367567524855,
  "rare_auc": NaN,
  "frequent_auc": NaN,
  "per_fold": {
    "0": {
      "macro_auc": 0.9772503697731646,
      "per_site_auc": {
        "S08": NaN,
        "S18": 0.9090909090909092,
        "S22": 0.9664051548350229
      },
      "site_auc_std": 0.02865712287205685,
      "per_hour_auc": {
        "0-5": 0.9338031695364448,
        "18-23": 0.9742816984058249,
        "6-11": NaN
      }
    },
    "1": {
      "macro_auc": 0.9593417028149883,
      "per_site_auc": {
        "S03": NaN,
        "S08": NaN,
        "S15": NaN,
        "S19": 0.9339061879624471,
        "S22": 0.9169136485650469,
        "S23": NaN
      },
      "site_auc_std": 0.008496269698700099,
      "per_hour_auc": {
        "0-5": 0.9765925241870506,
        "18-23": 0.9307080304031888,
        "6-11": 0.8776717373378864
      }
    },
    "2": {
      "macro_auc": 0.9679404949082484,
      "per_site_auc": {
        "S03": 0.95,
        "S13": 0.9703414351851851,
        "S22": 0.9531848661369992,
        "S23": NaN
      },
      "site_auc_std": 0.008933490167832663,
      "per_hour_auc": {
        "0-5": 0.9834504789570149,
        "18-23": 0.9591951952071016
      }
    },
    "3": {
      "macro_auc": 0.9827636538523102,
      "per_site_auc": {
        "S08": NaN,
        "S15": NaN,
        "S19": NaN,
        "S22": 0.979774588755429,
        "S23": NaN
      },
      "site_auc_std": 0.0,
      "per_hour_auc": {
        "0-5": 0.9469876682580226,
        "18-23": 0.9885776601190399,
        "6-11": 0.9556635959885333
      }
    },
    "4": {
      "macro_auc": 0.9740973916407332,
      "per_site_auc": {
        "S08": NaN,
        "S15": NaN,
        "S22": 0.945268321592413
      },
      "site_auc_std": 0.0,
      "per_hour_auc": {
        "0-5": 0.9298324136894408,
        "18-23": 0.9542946989761986,
        "6-11": NaN
      }
    }
  },
  "stitched_full": {
    "macro_auc": 0.959656251051826,
    "per_site_auc": {
      "S03": 0.9793831168831169,
      "S08": 0.5624700635742886,
      "S13": 0.9703414351851851,
      "S15": NaN,
      "S18": 0.9090909090909092,
      "S19": 0.8648866380818402,
      "S22": 0.9399138926889885,
      "S23": NaN
    },
    "site_auc_std": 0.14320367567524855,
    "per_hour_auc": {
      "0-5": 0.9605274777751444,
      "18-23": 0.9616595229414481,
      "6-11": 0.7772232613759336
    }
  },
  "n_folds_seen": 5,
  "n_splits": 5
}