{
  "final": {
    "fold_val": {
      "macro_auc": 0.9158711658904284,
      "site_auc_std": 0.03473755216144492,
      "rare_auc": NaN,
      "frequent_auc": NaN,
      "n_files": 9,
      "n_windows": 108
    },
    "v_anchor": {
      "macro_auc": 0.8465777514300861,
      "site_auc_std": 0.08220118176154212,
      "rare_auc": NaN,
      "frequent_auc": NaN,
      "n_files": 13,
      "n_windows": 156
    }
  },
  "best_primary": 0.7795472222261157,
  "runtime_min": 141.43876103957493
}