{
  "config": {
    "seed": 42,
    "ensemble_w": 0.5,
    "lambda_prior": 0.0,
    "correction_weight": 0.0,
    "loss": "focal_bce",
    "focal_alpha": 0.25,
    "focal_gamma": 2.0,
    "label_smoothing": 0.03,
    "mask_secondary": false,
    "tta": "window_roll",
    "tta_shifts": [
      0,
      1,
      -1,
      2,
      -2
    ],
    "tta_shifts_secs": [
      0.0,
      1.25,
      -1.25,
      2.5,
      -2.5
    ],
    "smoothing": "adaptive",
    "smoothing_alpha": 0.2,
    "use_boost": true,
    "boost_threshold": 0.5,
    "boost_lift": 0.25,
    "file_conf_top_k": 2,
    "file_conf_power": 0.4,
    "rank_power": 0.4,
    "threshold_grid": [
      0.5
    ],
    "proto_n_epochs": 80,
    "proto_lr": 0.0008,
    "proto_patience": 20,
    "proto_pos_weight_cap": 25.0,
    "proto_distill_weight": 0.15,
    "proto_swa_start_frac": 0.65,
    "proto_swa_lr": 0.0004,
    "residual_n_epochs": 40,
    "residual_lr": 0.0008,
    "residual_patience": 12,
    "residual_d_model": 128,
    "residual_d_state": 16,
    "residual_dropout": 0.1,
    "mlp_pca_dim": 128,
    "mlp_alpha_blend": 0.4,
    "mlp_min_pos": 5,
    "n_sites_cap": 20,
    "name": "adaptive_smooth"
  },
  "config_hash": "5ee8ff5130",
  "result": {
    "metrics": {
      "global": {
        "macro_auc": 0.8877891579500894,
        "rare_auc": NaN,
        "frequent_auc": 0.8816471902523063,
        "per_site_auc": {
          "S03": 0.7157467532467532,
          "S08": 0.6156006446872911,
          "S13": 0.8125,
          "S15": NaN,
          "S18": 0.745230078563412,
          "S19": 0.637802581627419,
          "S22": 0.8958135029976895,
          "S23": NaN
        },
        "site_auc_std": 0.09662579412012257,
        "per_hour_auc": {
          "0-5": 0.8844446901691507,
          "18-23": 0.8423088805548079,
          "6-11": 0.8121933242401512
        },
        "first_pass_auc": 0.8807621302920655
      },
      "per_fold": {
        "0": {
          "final": {
            "macro_auc": 0.920309180519137,
            "rare_auc": NaN,
            "frequent_auc": 0.9163246395450939,
            "per_site_auc": {
              "S08": NaN,
              "S18": 0.745230078563412,
              "S22": 0.9197460786829286
            },
            "site_auc_std": 0.08725800005975831,
            "per_hour_auc": {
              "0-5": 0.8467862097185411,
              "18-23": 0.9260466311611498,
              "6-11": NaN
            },
            "first_pass_auc": 0.9072347560665296
          },
          "first_pass": {
            "macro_auc": 0.9072347560665296,
            "rare_auc": NaN,
            "frequent_auc": 0.9025964938698561,
            "per_site_auc": {
              "S08": NaN,
              "S18": 0.745230078563412,
              "S22": 0.9047192418413303
            },
            "site_auc_std": 0.0797445816389592,
            "per_hour_auc": {
              "0-5": 0.8442140354806593,
              "18-23": 0.9122236494373528,
              "6-11": NaN
            }
          }
        },
        "1": {
          "final": {
            "macro_auc": 0.8199993688289263,
            "rare_auc": NaN,
            "frequent_auc": 0.8292564589005792,
            "per_site_auc": {
              "S03": NaN,
              "S08": NaN,
              "S15": NaN,
              "S19": 0.5632113484779518,
              "S22": 0.8977859127758709,
              "S23": NaN
            },
            "site_auc_std": 0.16728728214895955,
            "per_hour_auc": {
              "0-5": 0.8866317319251091,
              "18-23": 0.7226509956184568,
              "6-11": 0.8123878536922016
            },
            "first_pass_auc": 0.8028440742756825
          },
          "first_pass": {
            "macro_auc": 0.8028440742756825,
            "rare_auc": NaN,
            "frequent_auc": 0.8136368499070951,
            "per_site_auc": {
              "S03": NaN,
              "S08": NaN,
              "S15": NaN,
              "S19": 0.5399389963333172,
              "S22": 0.8752044861446034,
              "S23": NaN
            },
            "site_auc_std": 0.16763274490564312,
            "per_hour_auc": {
              "0-5": 0.8707382103579356,
              "18-23": 0.705607919173953,
              "6-11": 0.8048765158237209
            }
          }
        },
        "2": {
          "final": {
            "macro_auc": 0.9190715061422801,
            "rare_auc": NaN,
            "frequent_auc": 0.9260146065289316,
            "per_site_auc": {
              "S03": 0.95,
              "S13": 0.8125,
              "S22": 0.8936515585459783,
              "S23": NaN
            },
            "site_auc_std": 0.056437745750653474,
            "per_hour_auc": {
              "0-5": 0.9763195575362561,
              "18-23": 0.9014842393682301
            },
            "first_pass_auc": 0.89565452258323
          },
          "first_pass": {
            "macro_auc": 0.89565452258323,
            "rare_auc": NaN,
            "frequent_auc": 0.9049747179113057,
            "per_site_auc": {
              "S03": 0.95,
              "S13": 0.8512731481481483,
              "S22": 0.8662101568246122,
              "S23": NaN
            },
            "site_auc_std": 0.04344964304179457,
            "per_hour_auc": {
              "0-5": 0.9600301013970558,
              "18-23": 0.8807846246294488
            }
          }
        },
        "3": {
          "final": {
            "macro_auc": 0.8607866418681478,
            "rare_auc": NaN,
            "frequent_auc": 0.8634021220498395,
            "per_site_auc": {
              "S08": NaN,
              "S15": NaN,
              "S19": NaN,
              "S22": 0.9387182796494743,
              "S23": NaN
            },
            "site_auc_std": 0.0,
            "per_hour_auc": {
              "0-5": 0.8378025286849521,
              "18-23": 0.8666104838198698,
              "6-11": 0.8463996707596598
            },
            "first_pass_auc": 0.8524333117014815
          },
          "first_pass": {
            "macro_auc": 0.8524333117014815,
            "rare_auc": NaN,
            "frequent_auc": 0.8554134983199995,
            "per_site_auc": {
              "S08": NaN,
              "S15": NaN,
              "S19": NaN,
              "S22": 0.9257096497668019,
              "S23": NaN
            },
            "site_auc_std": 0.0,
            "per_hour_auc": {
              "0-5": 0.8328913075979648,
              "18-23": 0.8585623713739028,
              "6-11": 0.8518733864025384
            }
          }
        },
        "4": {
          "final": {
            "macro_auc": 0.9436699253212657,
            "rare_auc": NaN,
            "frequent_auc": 0.953143037198548,
            "per_site_auc": {
              "S08": NaN,
              "S15": NaN,
              "S22": 0.9286695444117772
            },
            "site_auc_std": 0.0,
            "per_hour_auc": {
              "0-5": 0.9158072365418857,
              "18-23": 0.9303629872362578,
              "6-11": NaN
            },
            "first_pass_auc": 0.9466152550659304
          },
          "first_pass": {
            "macro_auc": 0.9466152550659304,
            "rare_auc": NaN,
            "frequent_auc": 0.9502893128480824,
            "per_site_auc": {
              "S08": NaN,
              "S15": NaN,
              "S22": 0.9423605858059108
            },
            "site_auc_std": 0.0,
            "per_hour_auc": {
              "0-5": 0.9098012493516879,
              "18-23": 0.9414002602010877,
              "6-11": NaN
            }
          }
        }
      },
      "global_first_pass": {
        "macro_auc": 0.8807621302920655,
        "rare_auc": NaN,
        "frequent_auc": 0.8737355826963644,
        "per_site_auc": {
          "S03": 0.862012987012987,
          "S08": 0.6343572505869651,
          "S13": 0.8512731481481483,
          "S15": NaN,
          "S18": 0.745230078563412,
          "S19": 0.6292819188745613,