{
  "config": {
    "seed": 42,
    "ensemble_w": 0.5,
    "lambda_prior": 0.0,
    "correction_weight": 0.0,
    "loss": "focal_bce",
    "focal_alpha": 0.25,
    "focal_gamma": 2.0,
    "label_smoothing": 0.03,
    "mask_secondary": false,
    "tta": "window_roll",
    "tta_shifts": [
      0,
      1,
      -1,
      2,
      -2
    ],
    "tta_shifts_secs": [
      0.0,
      1.25,
      -1.25,
      2.5,
      -2.5
    ],
    "smoothing": "adaptive",
    "smoothing_alpha": 0.2,
    "use_boost": true,
    "boost_threshold": 0.5,
    "boost_lift": 0.25,
    "file_conf_top_k": 2,
    "file_conf_power": 0.4,
    "rank_power": 0.4,
    "threshold_grid": [
      0.5
    ],
    "proto_n_epochs": 80,
    "proto_lr": 0.0008,
    "proto_patience": 20,
    "proto_pos_weight_cap": 25.0,
    "proto_distill_weight": 0.15,
    "proto_swa_start_frac": 0.65,
    "proto_swa_lr": 0.0004,
    "residual_n_epochs": 40,
    "residual_lr": 0.0008,
    "residual_patience": 12,
    "residual_d_model": 128,
    "residual_d_state": 16,
    "residual_dropout": 0.1,
    "mlp_pca_dim": 64,
    "mlp_alpha_blend": 0.4,
    "mlp_min_pos": 5,
    "n_sites_cap": 20,
    "name": "adaptive_smooth"
  },
  "config_hash": "04de94e023",
  "result": {
    "metrics": {
      "global": {
        "macro_auc": 0.8987088864502135,
        "rare_auc": NaN,
        "frequent_auc": 0.8955608706105728,
        "per_site_auc": {
          "S03": 0.95,
          "S08": NaN,
          "S13": NaN,
          "S15": NaN,
          "S18": 0.6666666666666666,
          "S19": 0.5785094926565049,
          "S22": 0.9180265202917509,
          "S23": NaN
        },
        "site_auc_std": 0.1592032022343837,
        "per_hour_auc": {
          "0-5": 0.9129168602303886,
          "18-23": 0.8737785409912673,
          "6-11": 0.7212470948748446
        },
        "first_pass_auc": 0.8887629619356493
      },
      "per_fold": {
        "0": {
          "final": {
            "macro_auc": 0.8819740529499375,
            "rare_auc": NaN,
            "frequent_auc": 0.8819740529499375,
            "per_site_auc": {
              "S22": 0.8819740529499375
            },
            "site_auc_std": 0.0,
            "per_hour_auc": {
              "0-5": 0.9154609196660827,
              "18-23": 0.8625733094018255
            },
            "first_pass_auc": 0.8418309205630654
          },
          "first_pass": {
            "macro_auc": 0.8418309205630654,
            "rare_auc": NaN,
            "frequent_auc": 0.8418309205630654,
            "per_site_auc": {
              "S22": 0.8418309205630654
            },
            "site_auc_std": 0.0,
            "per_hour_auc": {
              "0-5": 0.9210216346153846,
              "18-23": 0.8167269318972643
            }
          }
        },
        "1": {
          "final": {
            "macro_auc": 0.9470415594532141,
            "rare_auc": NaN,
            "frequent_auc": 0.9388941070614009,
            "per_site_auc": {
              "S18": 0.6666666666666666,
              "S22": 0.9510596885663627
            },
            "site_auc_std": 0.14219651094984803,
            "per_hour_auc": {
              "0-5": NaN,
              "18-23": 0.9564933606521797
            },
            "first_pass_auc": 0.9334779038069204
          },
          "first_pass": {
            "macro_auc": 0.9334779038069204,
            "rare_auc": NaN,
            "frequent_auc": 0.9232437351618312,
            "per_site_auc": {
              "S18": 0.6666666666666666,
              "S22": 0.9370357359770476
            },
            "site_auc_std": 0.13518453465519048,
            "per_hour_auc": {
              "0-5": NaN,
              "18-23": 0.9516845771404223
            }
          }
        },
        "2": {
          "final": {
            "macro_auc": 0.8065219362834481,
            "rare_auc": NaN,
            "frequent_auc": 0.7695052404552352,
            "per_site_auc": {
              "S19": 0.5785094926565049,
              "S22": 0.9117967307485895
            },
            "site_auc_std": 0.1666436190460423,
            "per_hour_auc": {
              "0-5": 0.901183615343837,
              "18-23": 0.7502703521919414
            },
            "first_pass_auc": 0.7968065952324382
          },
          "first_pass": {
            "macro_auc": 0.7968065952324382,
            "rare_auc": NaN,
            "frequent_auc": 0.7581209575514777,
            "per_site_auc": {
              "S19": 0.5654121925038686,
              "S22": 0.8959927982860834
            },
            "site_auc_std": 0.16529030289110735,
            "per_hour_auc": {
              "0-5": 0.8903006407318379,
              "18-23": 0.7374986816264995
            }
          }
        },
        "3": {
          "final": {
            "macro_auc": 0.9058171328436849,
            "rare_auc": NaN,
            "frequent_auc": 0.8883671550698509,
            "per_site_auc": {
              "S13": NaN,
              "S22": 0.8900640214302178,
              "S23": NaN
            },
            "site_auc_std": 0.0,
            "per_hour_auc": {
              "0-5": 0.8340565180250638,
              "18-23": NaN
            },
            "first_pass_auc": 0.8747378050415353
          },
          "first_pass": {
            "macro_auc": 0.8747378050415353,
            "rare_auc": NaN,
            "frequent_auc": 0.8556643600496698,
            "per_site_auc": {
              "S13": NaN,
              "S22": 0.8511445403301212,
              "S23": NaN
            },
            "site_auc_std": 0.0,
            "per_hour_auc": {
              "0-5": 0.8252671056551776,
              "18-23": NaN
            }
          }
        },
        "4": {
          "final": {
            "macro_auc": 0.7535485883187993,
            "rare_auc": NaN,
            "frequent_auc": 0.7370568973311749,
            "per_site_auc": {
              "S03": 0.95,
              "S08": NaN,
              "S15": NaN,
              "S22": NaN
            },
            "site_auc_std": 0.0,
            "per_hour_auc": {
              "0-5": NaN,
              "18-23": 0.8020239230537574,
              "6-11": 0.7212470948748446
            },
            "first_pass_auc": 0.746238730779136
          },
          "first_pass": {
            "macro_auc": 0.746238730779136,
            "rare_auc": NaN,
            "frequent_auc": 0.7308553440081194,
            "per_site_auc": {
              "S03": 0.95,
              "S08": NaN,
              "S15": NaN,
              "S22": NaN
            },
            "site_auc_std": 0.0,
            "per_hour_auc": {
              "0-5": NaN,
              "18-23": 0.785119064654012,
              "6-11": 0.7152109366822562
            }
          }
        }
      },
      "v_anchor": {
        "macro_auc": 0.8318383821483009,
        "rare_auc": NaN,
        "frequent_auc": 0.8396480093897896,
        "per_site_auc": {
          "S03": NaN,
          "S08": 0.7985799436600353,
          "S13": NaN,
          "S15": NaN,
          "S19": NaN,
          "S22": 0.9007974983236464,
          "S23": NaN
        },
        "site_auc_std": 0.05110877733180558,
        "per_hour_auc": {
          "0-5": 0.7954170384579131,
          "18-23": 0.8879339910310574,
          "6-11": 0.8621224338844476
        },
        "first_pass_auc": 0.8208651659106088
      },
      "global_first_pass": {
        "macro_auc": 0.8887629619356493,
        "rare_auc": NaN,
        "frequent_auc": 0.8843759963281768,
        "per_site_auc": {
          "S03": 0.95,
          "S08": NaN,
          "S13": NaN,
          "S15": NaN,
          "S18": 0.6666666666666666,
          "S19": 0.5654121925038686,
          "S22": 0.8977612072581502,
          "S23": NaN
        },
        "site_auc_std": 0.1591044220309614,
        "per_hour_auc": {
          "0-5": 0.8990518264398665,
          "18-23": 0.8575725220875873,
          "6-11": 0.7152109366822562
        }
      },