{
  "config": {
    "seed": 42,
    "ensemble_w": 0.5,
    "lambda_prior": 0.4,
    "lambda_prior_texture": 1.0,
    "correction_weight": 0.3,
    "loss": "bce_focal_mean",
    "focal_alpha": 0.25,
    "focal_gamma": 2.5,
    "label_smoothing": 0.03,
    "mask_secondary": false,
    "tta": "window_roll",
    "tta_shifts": [
      0,
      1,
      -1,
      2,
      -2
    ],
    "tta_shifts_secs": [
      0.0,
      1.25,
      -1.25,
      2.5,
      -2.5
    ],
    "smoothing": "adaptive",
    "smoothing_alpha": 0.2,
    "use_boost": false,
    "boost_threshold": 0.5,
    "boost_lift": 0.25,
    "file_conf_top_k": 2,
    "file_conf_power": 0.4,
    "rank_power": 0.4,
    "threshold_grid": [
      0.25,
      0.3,
      0.35,
      0.4,
      0.45,
      0.5,
      0.55,
      0.6,
      0.65,
      0.7
    ],
    "proto_n_epochs": 40,
    "proto_lr": 0.001,
    "proto_patience": 8,
    "proto_pos_weight_cap": 25.0,
    "proto_distill_weight": 0.15,
    "proto_swa_start_frac": 0.65,
    "proto_swa_lr": 0.0004,
    "residual_n_epochs": 30,
    "residual_lr": 0.001,
    "residual_patience": 8,
    "residual_d_model": 128,
    "residual_d_state": 16,
    "residual_dropout": 0.1,
    "mlp_pca_dim": 64,
    "mlp_alpha_blend": 0.4,
    "mlp_min_pos": 5,
    "n_sites_cap": 20,
    "name": "baseline",
    "n_splits": 5,
    "fold_kind": "strat"
  },
  "config_hash": "e3c7a5e476",
  "result": {
    "metrics": {
      "global": {
        "macro_auc": 0.8068219878445032,
        "rare_auc": NaN,
        "frequent_auc": 0.8165832184312671,
        "per_site_auc": {
          "S03": 0.7139610389610389,
          "S08": 0.3801128077685837,
          "S13": 0.9554398148148149,
          "S15": NaN,
          "S18": 0.6969696969696969,
          "S19": 0.49223874858914923,
          "S22": 0.8135387633717884,
          "S23": NaN
        },
        "site_auc_std": 0.1915721744185263,
        "per_hour_auc": {
          "0-5": 0.8483378609645126,
          "18-23": 0.8164284339835832,
          "6-11": 0.6747738443037635
        },
        "first_pass_auc": 0.8033505751876764
      },
      "per_fold": {
        "0": {
          "final": {
            "macro_auc": 0.9313702272513947,
            "rare_auc": NaN,
            "frequent_auc": 0.9279387386139645,
            "per_site_auc": {
              "S08": NaN,
              "S18": 0.6969696969696969,
              "S22": 0.9222363724711153
            },
            "site_auc_std": 0.11263333775070922,
            "per_hour_auc": {
              "0-5": 0.8513277243034042,
              "18-23": 0.9209441526260238,
              "6-11": NaN
            },
            "first_pass_auc": 0.9139772161798818
          },
          "first_pass": {
            "macro_auc": 0.9139772161798818,
            "rare_auc": NaN,
            "frequent_auc": 0.9096760769888759,
            "per_site_auc": {
              "S08": NaN,
              "S18": 0.6969696969696969,
              "S22": 0.9048102303522221
            },
            "site_auc_std": 0.10392026669126259,
            "per_hour_auc": {
              "0-5": 0.8361777718431316,
              "18-23": 0.9206345969496202,
              "6-11": NaN
            }
          }
        },
        "1": {
          "final": {
            "macro_auc": 0.9158650679020759,
            "rare_auc": NaN,
            "frequent_auc": 0.9276217404620687,
            "per_site_auc": {
              "S03": NaN,
              "S08": NaN,
              "S15": NaN,
              "S19": 0.7939021389955574,
              "S22": 0.9278823565284605,
              "S23": NaN
            },
            "site_auc_std": 0.06699010876645156,
            "per_hour_auc": {
              "0-5": 0.9486472040586643,
              "18-23": 0.9010283506087521,
              "6-11": 0.8135925022182785
            },
            "first_pass_auc": 0.9013513635036852
          },
          "first_pass": {
            "macro_auc": 0.9013513635036852,
            "rare_auc": NaN,
            "frequent_auc": 0.9139753917952644,
            "per_site_auc": {
              "S03": NaN,
              "S08": NaN,
              "S15": NaN,
              "S19": 0.7756222391815668,
              "S22": 0.8957652596997409,
              "S23": NaN
            },
            "site_auc_std": 0.060071510259087024,
            "per_hour_auc": {
              "0-5": 0.9423054598710704,
              "18-23": 0.870645972708581,
              "6-11": 0.8135925022182785
            }
          }
        },
        "2": {
          "final": {
            "macro_auc": 0.9192090148823093,
            "rare_auc": NaN,
            "frequent_auc": 0.9265256564521528,
            "per_site_auc": {
              "S03": 0.95,
              "S13": 0.9554398148148149,
              "S22": 0.8987762197683965,
              "S23": NaN
            },
            "site_auc_std": 0.02552608741838561,
            "per_hour_auc": {
              "0-5": 0.9735082246697763,
              "18-23": 0.8981405130134894
            },
            "first_pass_auc": 0.9006713843648299
          },
          "first_pass": {
            "macro_auc": 0.9006713843648299,
            "rare_auc": NaN,
            "frequent_auc": 0.9110420579090931,
            "per_site_auc": {
              "S03": 0.95,
              "S13": 0.9580439814814815,
              "S22": 0.8656295587161369,
              "S23": NaN
            },
            "site_auc_std": 0.041797797038653245,
            "per_hour_auc": {
              "0-5": 0.9672034738117965,
              "18-23": 0.8758597586310218
            }
          }
        },
        "3": {
          "final": {
            "macro_auc": 0.9103646378418443,
            "rare_auc": NaN,
            "frequent_auc": 0.9009316289487561,
            "per_site_auc": {
              "S08": NaN,
              "S15": NaN,
              "S19": NaN,
              "S22": 0.9323937807929333,
              "S23": NaN
            },
            "site_auc_std": 0.0,
            "per_hour_auc": {
              "0-5": 0.8687271622676316,
              "18-23": 0.9679085895210845,
              "6-11": 0.8957955670267584
            },
            "first_pass_auc": 0.9038118343733441
          },
          "first_pass": {
            "macro_auc": 0.9038118343733441,
            "rare_auc": NaN,
            "frequent_auc": 0.8954042167336321,
            "per_site_auc": {
              "S08": NaN,
              "S15": NaN,
              "S19": NaN,
              "S22": 0.9156153594842048,
              "S23": NaN
            },
            "site_auc_std": 0.0,
            "per_hour_auc": {
              "0-5": 0.8750079504449716,
              "18-23": 0.9467334543693551,
              "6-11": 0.8974926281154483
            }
          }
        },
        "4": {
          "final": {
            "macro_auc": 0.9740560034067393,
            "rare_auc": NaN,
            "frequent_auc": 0.9810445399123622,
            "per_site_auc": {
              "S08": NaN,
              "S15": NaN,
              "S22": 0.9464257329973441
            },
            "site_auc_std": 0.0,
            "per_hour_auc": {
              "0-5": 0.9668934527541985,
              "18-23": 0.9508134256067711,
              "6-11": NaN
            },
            "first_pass_auc": 0.9719581202236663
          },
          "first_pass": {
            "macro_auc": 0.9719581202236663,
            "rare_auc": NaN,
            "frequent_auc": 0.9740059640128224,
            "per_site_auc": {
              "S08": NaN,
              "S15": NaN,
              "S22": 0.9445118475949876
            },
            "site_auc_std": 0.0,
            "per_hour_auc": {
              "0-5": 0.9583902275843065,
              "18-23": 0.9445422556957087,
              "6-11": NaN
            }
          }
        }
      },
      "global_first_pass": {
        "macro_auc": 0.8033505751876764,
        "rare_auc": NaN,
        "frequent_auc": 0.8193171087947855,