{
  "config": {
    "seed": 42,
    "ensemble_w": 0.5,
    "lambda_prior": 0.4,
    "lambda_prior_texture": 1.0,
    "correction_weight": 0.3,
    "loss": "bce_focal_mean",
    "focal_alpha": 0.25,
    "focal_gamma": 2.5,
    "label_smoothing": 0.03,
    "mask_secondary": false,
    "tta": "window_roll",
    "tta_shifts": [
      0,
      1,
      -1,
      2,
      -2
    ],
    "tta_shifts_secs": [
      0.0,
      1.25,
      -1.25,
      2.5,
      -2.5
    ],
    "smoothing": "adaptive",
    "smoothing_alpha": 0.2,
    "use_boost": false,
    "boost_threshold": 0.5,
    "boost_lift": 0.25,
    "file_conf_top_k": 2,
    "file_conf_power": 0.4,
    "rank_power": 0.4,
    "threshold_grid": [
      0.25,
      0.3,
      0.35,
      0.4,
      0.45,
      0.5,
      0.55,
      0.6,
      0.65,
      0.7
    ],
    "proto_n_epochs": 40,
    "proto_lr": 0.001,
    "proto_patience": 8,
    "proto_pos_weight_cap": 25.0,
    "proto_distill_weight": 0.15,
    "proto_swa_start_frac": 0.65,
    "proto_swa_lr": 0.0004,
    "residual_n_epochs": 30,
    "residual_lr": 0.001,
    "residual_patience": 8,
    "residual_d_model": 128,
    "residual_d_state": 16,
    "residual_dropout": 0.1,
    "mlp_pca_dim": 64,
    "mlp_alpha_blend": 0.4,
    "mlp_min_pos": 5,
    "n_sites_cap": 20,
    "name": "baseline",
    "n_splits": 5,
    "fold_kind": "strat"
  },
  "config_hash": "e3c7a5e476",
  "result": {
    "metrics": {
      "global": {
        "macro_auc": 0.8069526478597508,
        "rare_auc": NaN,
        "frequent_auc": 0.8166303904924148,
        "per_site_auc": {
          "S03": 0.7139610389610389,
          "S08": 0.3787239757144751,
          "S13": 0.9532696759259259,
          "S15": NaN,
          "S18": 0.6969696969696969,
          "S19": 0.49070406879125095,
          "S22": 0.8147227946629608,
          "S23": NaN
        },
        "site_auc_std": 0.1917903029328958,
        "per_hour_auc": {
          "0-5": 0.8490414797641075,
          "18-23": 0.8162807217930024,
          "6-11": 0.6764206531764905
        },
        "first_pass_auc": 0.803169896612158
      },
      "per_fold": {
        "0": {
          "final": {
            "macro_auc": 0.9298775973429698,
            "rare_auc": NaN,
            "frequent_auc": 0.9263714772101184,
            "per_site_auc": {
              "S08": NaN,
              "S18": 0.6969696969696969,
              "S22": 0.9210933807191544
            },
            "site_auc_std": 0.11206184187472873,
            "per_hour_auc": {
              "0-5": 0.8524267896605412,
              "18-23": 0.9189967667621977,
              "6-11": NaN
            },
            "first_pass_auc": 0.9131082099586064
          },
          "first_pass": {
            "macro_auc": 0.9131082099586064,
            "rare_auc": NaN,
            "frequent_auc": 0.9087636204565369,
            "per_site_auc": {
              "S08": NaN,
              "S18": 0.6969696969696969,
              "S22": 0.9038677813777891
            },
            "site_auc_std": 0.1034490422040461,
            "per_hour_auc": {
              "0-5": 0.8381282635229758,
              "18-23": 0.9179470418673641,
              "6-11": NaN
            }
          }
        },
        "1": {
          "final": {
            "macro_auc": 0.9155501802693774,
            "rare_auc": NaN,
            "frequent_auc": 0.927099245664926,
            "per_site_auc": {
              "S03": NaN,
              "S08": NaN,
              "S15": NaN,
              "S19": 0.7980614860896871,
              "S22": 0.9247055077352089,
              "S23": NaN
            },
            "site_auc_std": 0.0633220108227609,
            "per_hour_auc": {
              "0-5": 0.9482197210471892,
              "18-23": 0.9003803706448332,
              "6-11": 0.8166980922803904
            },
            "first_pass_auc": 0.9013093073230071
          },
          "first_pass": {
            "macro_auc": 0.9013093073230071,
            "rare_auc": NaN,
            "frequent_auc": 0.9137736913276245,
            "per_site_auc": {
              "S03": NaN,
              "S08": NaN,
              "S15": NaN,
              "S19": 0.7755750781816285,
              "S22": 0.8933803615423788,
              "S23": NaN
            },
            "site_auc_std": 0.05890264168037512,
            "per_hour_auc": {
              "0-5": 0.9428075041231146,
              "18-23": 0.868947602625939,
              "6-11": 0.8166980922803904
            }
          }
        },
        "2": {
          "final": {
            "macro_auc": 0.9189614646420547,
            "rare_auc": NaN,
            "frequent_auc": 0.926154090757978,
            "per_site_auc": {
              "S03": 0.95,
              "S13": 0.9532696759259259,
              "S22": 0.8980006062291223,
              "S23": NaN
            },
            "site_auc_std": 0.025318631256556937,
            "per_hour_auc": {
              "0-5": 0.9727999815062901,
              "18-23": 0.8976185710366336
            },
            "first_pass_auc": 0.9002619185719877
          },
          "first_pass": {
            "macro_auc": 0.9002619185719877,
            "rare_auc": NaN,
            "frequent_auc": 0.9102553745940473,
            "per_site_auc": {
              "S03": 0.95,
              "S13": 0.9568865740740741,
              "S22": 0.8649080643613276,
              "S23": NaN
            },
            "site_auc_std": 0.04183048949456134,
            "per_hour_auc": {
              "0-5": 0.9666504320822841,
              "18-23": 0.8755175784424918
            }
          }
        },
        "3": {
          "final": {
            "macro_auc": 0.9110815591379482,
            "rare_auc": NaN,
            "frequent_auc": 0.9013324216044395,
            "per_site_auc": {
              "S08": NaN,
              "S15": NaN,
              "S19": NaN,
              "S22": 0.931913476323084,
              "S23": NaN
            },
            "site_auc_std": 0.0,
            "per_hour_auc": {
              "0-5": 0.8762198073141559,
              "18-23": 0.9673371989990175,
              "6-11": 0.8960108816898231
            },
            "first_pass_auc": 0.9040821178550411
          },
          "first_pass": {
            "macro_auc": 0.9040821178550411,
            "rare_auc": NaN,
            "frequent_auc": 0.8957895469858244,
            "per_site_auc": {
              "S08": NaN,
              "S15": NaN,
              "S19": NaN,
              "S22": 0.915375885633121,
              "S23": NaN
            },
            "site_auc_std": 0.0,
            "per_hour_auc": {
              "0-5": 0.8830767335137546,
              "18-23": 0.9457401521849549,
              "6-11": 0.8967778832547035
            }
          }
        },
        "4": {
          "final": {
            "macro_auc": 0.9744364705857527,
            "rare_auc": NaN,
            "frequent_auc": 0.9814981738565707,
            "per_site_auc": {
              "S08": NaN,
              "S15": NaN,
              "S22": 0.9476031027307372
            },
            "site_auc_std": 0.0,
            "per_hour_auc": {
              "0-5": 0.9647881895963036,
              "18-23": 0.9519439608441608,
              "6-11": NaN
            },
            "first_pass_auc": 0.9719519073896015
          },
          "first_pass": {
            "macro_auc": 0.9719519073896015,
            "rare_auc": NaN,
            "frequent_auc": 0.9739985564029757,
            "per_site_auc": {
              "S08": NaN,
              "S15": NaN,
              "S22": 0.9455376639139271
            },
            "site_auc_std": 0.0,
            "per_hour_auc": {
              "0-5": 0.9558187639602113,
              "18-23": 0.9454385336475374,
              "6-11": NaN
            }
          }
        }
      },
      "global_first_pass": {
        "macro_auc": 0.803169896612158,
        "rare_auc": NaN,
        "frequent_auc": 0.8189486500233694,