{
  "config": {
    "seed": 42,
    "ensemble_w": 0.5,
    "lambda_prior": 0.4,
    "lambda_prior_texture": 1.0,
    "correction_weight": 0.3,
    "loss": "bce_focal_mean",
    "focal_alpha": 0.25,
    "focal_gamma": 2.5,
    "label_smoothing": 0.03,
    "mask_secondary": false,
    "tta": "window_roll",
    "tta_shifts": [
      0,
      1,
      -1,
      2,
      -2
    ],
    "tta_shifts_secs": [
      0.0,
      1.25,
      -1.25,
      2.5,
      -2.5
    ],
    "smoothing": "adaptive",
    "smoothing_alpha": 0.2,
    "use_boost": false,
    "boost_threshold": 0.5,
    "boost_lift": 0.25,
    "file_conf_top_k": 2,
    "file_conf_power": 0.4,
    "rank_power": 0.4,
    "threshold_grid": [
      0.25,
      0.3,
      0.35,
      0.4,
      0.45,
      0.5,
      0.55,
      0.6,
      0.65,
      0.7
    ],
    "proto_n_epochs": 40,
    "proto_lr": 0.001,
    "proto_patience": 8,
    "proto_pos_weight_cap": 25.0,
    "proto_distill_weight": 0.15,
    "proto_swa_start_frac": 0.65,
    "proto_swa_lr": 0.0004,
    "residual_n_epochs": 30,
    "residual_lr": 0.001,
    "residual_patience": 8,
    "residual_d_model": 128,
    "residual_d_state": 16,
    "residual_dropout": 0.1,
    "mlp_pca_dim": 64,
    "mlp_alpha_blend": 0.4,
    "mlp_min_pos": 5,
    "n_sites_cap": 20,
    "name": "baseline",
    "n_splits": 5
  },
  "config_hash": "f452dc6910",
  "result": {
    "metrics": {
      "global": {
        "macro_auc": 0.8062518584396995,
        "rare_auc": NaN,
        "frequent_auc": 0.8147185643682391,
        "per_site_auc": {
          "S03": 0.7139610389610389,
          "S08": 0.3716840875543754,
          "S13": 0.9787326388888888,
          "S15": NaN,
          "S18": 0.6969696969696969,
          "S19": 0.44487050307315285,
          "S22": 0.8141904942945358,
          "S23": NaN
        },
        "site_auc_std": 0.20754209398722454,
        "per_hour_auc": {
          "0-5": 0.8531771639814745,
          "18-23": 0.8100118918009077,
          "6-11": 0.6629513444939964
        },
        "first_pass_auc": 0.8067721640181589
      },
      "per_fold": {
        "0": {
          "final": {
            "macro_auc": 0.9260476183902723,
            "rare_auc": NaN,
            "frequent_auc": 0.9223499993097859,
            "per_site_auc": {
              "S08": NaN,
              "S18": 0.6969696969696969,
              "S22": 0.9124461990392218
            },
            "site_auc_std": 0.10773825103476242,
            "per_hour_auc": {
              "0-5": 0.8338580851223042,
              "18-23": 0.9010894165688421,
              "6-11": NaN
            },
            "first_pass_auc": 0.9131866228987393
          },
          "first_pass": {
            "macro_auc": 0.9131866228987393,
            "rare_auc": NaN,
            "frequent_auc": 0.9088459540436762,
            "per_site_auc": {
              "S08": NaN,
              "S18": 0.6969696969696969,
              "S22": 0.8960503305825626
            },
            "site_auc_std": 0.09954031680643283,
            "per_hour_auc": {
              "0-5": 0.8289813036877857,
              "18-23": 0.8970738954847068,
              "6-11": NaN
            }
          }
        },
        "1": {
          "final": {
            "macro_auc": 0.9027626332498351,
            "rare_auc": NaN,
            "frequent_auc": 0.9118165989410447,
            "per_site_auc": {
              "S03": NaN,
              "S08": NaN,
              "S15": NaN,
              "S19": 0.7408928416836804,
              "S22": 0.8629394790286201,
              "S23": NaN
            },
            "site_auc_std": 0.06102331867246985,
            "per_hour_auc": {
              "0-5": 0.9449218559384814,
              "18-23": 0.8520222586902839,
              "6-11": 0.817831879128463
            },
            "first_pass_auc": 0.8911682363061346
          },
          "first_pass": {
            "macro_auc": 0.8911682363061346,
            "rare_auc": NaN,
            "frequent_auc": 0.9017556391582039,
            "per_site_auc": {
              "S03": NaN,
              "S08": NaN,
              "S15": NaN,
              "S19": 0.7033359051178116,
              "S22": 0.8448396145287245,
              "S23": NaN
            },
            "site_auc_std": 0.07075185470545642,
            "per_hour_auc": {
              "0-5": 0.9414201058952295,
              "18-23": 0.8321272188300439,
              "6-11": 0.8107580350980971
            }
          }
        },
        "2": {
          "final": {
            "macro_auc": 0.9258237699867627,
            "rare_auc": NaN,
            "frequent_auc": 0.9345300963438357,
            "per_site_auc": {
              "S03": 0.95,
              "S13": 0.9787326388888888,
              "S22": 0.9102787391513484,
              "S23": NaN
            },
            "site_auc_std": 0.02806595305942208,
            "per_hour_auc": {
              "0-5": 0.9783304183186962,
              "18-23": 0.9011529883924737
            },
            "first_pass_auc": 0.9099321427239435
          },
          "first_pass": {
            "macro_auc": 0.9099321427239435,
            "rare_auc": NaN,
            "frequent_auc": 0.9227186662749323,
            "per_site_auc": {
              "S03": 0.95,
              "S13": 0.9696180555555555,
              "S22": 0.885609553569269,
              "S23": NaN
            },
            "site_auc_std": 0.03588318408594075,
            "per_hour_auc": {
              "0-5": 0.9700216767618729,
              "18-23": 0.8810808790551287
            }
          }
        },
        "3": {
          "final": {
            "macro_auc": 0.912170916364077,
            "rare_auc": NaN,
            "frequent_auc": 0.9020496675313233,
            "per_site_auc": {
              "S08": NaN,
              "S15": NaN,
              "S19": NaN,
              "S22": 0.9318790901817628,
              "S23": NaN
            },
            "site_auc_std": 0.0,
            "per_hour_auc": {
              "0-5": 0.9093984395588802,
              "18-23": 0.9689984808257813,
              "6-11": 0.8939794381984809
            },
            "first_pass_auc": 0.9071145329295704
          },
          "first_pass": {
            "macro_auc": 0.9071145329295704,
            "rare_auc": NaN,
            "frequent_auc": 0.8996243315554767,
            "per_site_auc": {
              "S08": NaN,
              "S15": NaN,
              "S19": NaN,
              "S22": 0.9261850209512079,
              "S23": NaN
            },
            "site_auc_std": 0.0,
            "per_hour_auc": {
              "0-5": 0.893077284660139,
              "18-23": 0.9545009065060014,
              "6-11": 0.9002542397857826
            }
          }
        },
        "4": {
          "final": {
            "macro_auc": 0.9669932169748938,
            "rare_auc": NaN,
            "frequent_auc": 0.9727714543146295,
            "per_site_auc": {
              "S08": NaN,
              "S15": NaN,
              "S22": 0.9246597086726598
            },
            "site_auc_std": 0.0,
            "per_hour_auc": {
              "0-5": 0.9625779879233828,
              "18-23": 0.9241211001655494,
              "6-11": NaN
            },
            "first_pass_auc": 0.9696416576269958
          },
          "first_pass": {
            "macro_auc": 0.9696416576269958,
            "rare_auc": NaN,
            "frequent_auc": 0.971244027839869,
            "per_site_auc": {
              "S08": NaN,
              "S15": NaN,
              "S22": 0.9334490943742455
            },
            "site_auc_std": 0.0,
            "per_hour_auc": {
              "0-5": 0.9630189050309664,
              "18-23": 0.9283762087464282,
              "6-11": NaN
            }
          }
        }
      },
      "global_first_pass": {
        "macro_auc": 0.8067721640181589,
        "rare_auc": NaN,
        "frequent_auc": 0.822076986285877,