{
  "config": {
    "seed": 42,
    "ensemble_w": 0.5,
    "lambda_prior": 0.4,
    "lambda_prior_texture": 1.0,
    "correction_weight": 0.3,
    "loss": "bce_posw",
    "focal_alpha": 0.25,
    "focal_gamma": 2.5,
    "label_smoothing": 0.03,
    "mask_secondary": false,
    "tta": "window_roll",
    "tta_shifts": [
      0,
      1,
      -1,
      2,
      -2
    ],
    "tta_shifts_secs": [
      0.0,
      1.25,
      -1.25,
      2.5,
      -2.5
    ],
    "smoothing": "adaptive",
    "smoothing_alpha": 0.2,
    "use_boost": false,
    "boost_threshold": 0.5,
    "boost_lift": 0.25,
    "file_conf_top_k": 2,
    "file_conf_power": 0.4,
    "rank_power": 0.4,
    "threshold_grid": [
      0.25,
      0.3,
      0.35,
      0.4,
      0.45,
      0.5,
      0.55,
      0.6,
      0.65,
      0.7
    ],
    "proto_n_epochs": 40,
    "proto_lr": 0.001,
    "proto_patience": 8,
    "proto_pos_weight_cap": 25.0,
    "proto_distill_weight": 0.15,
    "proto_swa_start_frac": 0.65,
    "proto_swa_lr": 0.0004,
    "residual_n_epochs": 30,
    "residual_lr": 0.001,
    "residual_patience": 8,
    "residual_d_model": 128,
    "residual_d_state": 16,
    "residual_dropout": 0.1,
    "mlp_pca_dim": 64,
    "mlp_alpha_blend": 0.4,
    "mlp_min_pos": 5,
    "n_sites_cap": 20,
    "name": "bce_posw_legacy",
    "n_splits": 5,
    "fold_kind": "strat"
  },
  "config_hash": "7a8ab41215",
  "result": {
    "metrics": {
      "global": {
        "macro_auc": 0.809098950405476,
        "rare_auc": NaN,
        "frequent_auc": 0.8248073876970511,
        "per_site_auc": {
          "S03": 0.7139610389610389,
          "S08": 0.39333137121802836,
          "S13": 0.962673611111111,
          "S15": NaN,
          "S18": 0.6969696969696969,
          "S19": 0.4769147927855028,
          "S22": 0.8278088642201297,
          "S23": NaN
        },
        "site_auc_std": 0.19433822034598217,
        "per_hour_auc": {
          "0-5": 0.8581406347420407,
          "18-23": 0.8146591120458806,
          "6-11": 0.660398936507662
        },
        "first_pass_auc": 0.8054576474161256
      },
      "per_fold": {
        "0": {
          "final": {
            "macro_auc": 0.9084091227988722,
            "rare_auc": NaN,
            "frequent_auc": 0.9038295789388158,
            "per_site_auc": {
              "S08": NaN,
              "S18": 0.6969696969696969,
              "S22": 0.9282818980803518
            },
            "site_auc_std": 0.11565610055532743,
            "per_hour_auc": {
              "0-5": 0.860030050902777,
              "18-23": 0.9326966085870394,
              "6-11": NaN
            },
            "first_pass_auc": 0.903097869618328
          },
          "first_pass": {
            "macro_auc": 0.903097869618328,
            "rare_auc": NaN,
            "frequent_auc": 0.8982527630992445,
            "per_site_auc": {
              "S08": NaN,
              "S18": 0.6969696969696969,
              "S22": 0.9166580395826912
            },
            "site_auc_std": 0.10984417130649715,
            "per_hour_auc": {
              "0-5": 0.8562608281013172,
              "18-23": 0.926358028199546,
              "6-11": NaN
            }
          }
        },
        "1": {
          "final": {
            "macro_auc": 0.9140992284599679,
            "rare_auc": NaN,
            "frequent_auc": 0.9331328961749246,
            "per_site_auc": {
              "S03": NaN,
              "S08": NaN,
              "S15": NaN,
              "S19": 0.7272606092819454,
              "S22": 0.9091624252397018,
              "S23": NaN
            },
            "site_auc_std": 0.09095090797887823,
            "per_hour_auc": {
              "0-5": 0.9438620380983597,
              "18-23": 0.851216939226414,
              "6-11": 0.8718266292024055
            },
            "first_pass_auc": 0.8971360814244905
          },
          "first_pass": {
            "macro_auc": 0.8971360814244905,
            "rare_auc": NaN,
            "frequent_auc": 0.9194680130821664,
            "per_site_auc": {
              "S03": NaN,
              "S08": NaN,
              "S15": NaN,
              "S19": 0.7044039080684857,
              "S22": 0.8900862752126072,
              "S23": NaN
            },
            "site_auc_std": 0.09284118357206073,
            "per_hour_auc": {
              "0-5": 0.9371945729328708,
              "18-23": 0.8214493835528416,
              "6-11": 0.8525805974563738
            }
          }
        },
        "2": {
          "final": {
            "macro_auc": 0.9301973402466404,
            "rare_auc": NaN,
            "frequent_auc": 0.9395213838000156,
            "per_site_auc": {
              "S03": 0.95,
              "S13": 0.962673611111111,
              "S22": 0.9126531840997242,
              "S23": NaN
            },
            "site_auc_std": 0.021232700657466623,
            "per_hour_auc": {
              "0-5": 0.9799834785115581,
              "18-23": 0.9051351671570563
            },
            "first_pass_auc": 0.9121905435046306
          },
          "first_pass": {
            "macro_auc": 0.9121905435046306,
            "rare_auc": NaN,
            "frequent_auc": 0.9264345315132465,
            "per_site_auc": {
              "S03": 0.95,
              "S13": 0.9639756944444443,
              "S22": 0.8789310219556941,
              "S23": NaN
            },
            "site_auc_std": 0.03723605778481286,
            "per_hour_auc": {
              "0-5": 0.9753580385920005,
              "18-23": 0.88434158235166
            }
          }
        },
        "3": {
          "final": {
            "macro_auc": 0.9105665719346834,
            "rare_auc": NaN,
            "frequent_auc": 0.9131130547614236,
            "per_site_auc": {
              "S08": NaN,
              "S15": NaN,
              "S19": NaN,
              "S22": 0.9306181388235338,
              "S23": NaN
            },
            "site_auc_std": 0.0,
            "per_hour_auc": {
              "0-5": 0.8543790797502485,
              "18-23": 0.9672978233382808,
              "6-11": 0.9058538361429789
            },
            "first_pass_auc": 0.9021656055634442
          },
          "first_pass": {
            "macro_auc": 0.9021656055634442,
            "rare_auc": NaN,
            "frequent_auc": 0.9076035573291829,
            "per_site_auc": {
              "S08": NaN,
              "S15": NaN,
              "S19": NaN,
              "S22": 0.9192739106966509,
              "S23": NaN
            },
            "site_auc_std": 0.0,
            "per_hour_auc": {
              "0-5": 0.8561767672160392,
              "18-23": 0.9464461521324947,
              "6-11": 0.9117618528009366
            }
          }
        },
        "4": {
          "final": {
            "macro_auc": 0.9739468954376121,
            "rare_auc": NaN,
            "frequent_auc": 0.9798789466828999,
            "per_site_auc": {
              "S08": NaN,
              "S15": NaN,
              "S22": 0.9465138989649579
            },
            "site_auc_std": 0.0,
            "per_hour_auc": {
              "0-5": 0.9692243201892324,
              "18-23": 0.9484311688752805,
              "6-11": NaN
            },
            "first_pass_auc": 0.9732983193194359
          },
          "first_pass": {
            "macro_auc": 0.9732983193194359,
            "rare_auc": NaN,
            "frequent_auc": 0.9755553485301631,
            "per_site_auc": {
              "S08": NaN,
              "S15": NaN,
              "S22": 0.9500015171595396
            },
            "site_auc_std": 0.0,
            "per_hour_auc": {
              "0-5": 0.961144995964075,
              "18-23": 0.9497012651154765,
              "6-11": NaN
            }
          }
        }
      },
      "global_first_pass": {
        "macro_auc": 0.8054576474161256,
        "rare_auc": NaN,
        "frequent_auc": 0.8278084761277449,