{
  "config": {
    "seed": 42,
    "ensemble_w": 0.5,
    "lambda_prior": 0.4,
    "lambda_prior_texture": 1.0,
    "correction_weight": 0.3,
    "loss": "bce_posw",
    "focal_alpha": 0.25,
    "focal_gamma": 2.5,
    "label_smoothing": 0.03,
    "mask_secondary": false,
    "tta": "window_roll",
    "tta_shifts": [
      0,
      1,
      -1,
      2,
      -2
    ],
    "tta_shifts_secs": [
      0.0,
      1.25,
      -1.25,
      2.5,
      -2.5
    ],
    "smoothing": "adaptive",
    "smoothing_alpha": 0.2,
    "use_boost": false,
    "boost_threshold": 0.5,
    "boost_lift": 0.25,
    "file_conf_top_k": 2,
    "file_conf_power": 0.4,
    "rank_power": 0.4,
    "threshold_grid": [
      0.25,
      0.3,
      0.35,
      0.4,
      0.45,
      0.5,
      0.55,
      0.6,
      0.65,
      0.7
    ],
    "proto_n_epochs": 40,
    "proto_lr": 0.001,
    "proto_patience": 8,
    "proto_pos_weight_cap": 25.0,
    "proto_distill_weight": 0.15,
    "proto_swa_start_frac": 0.65,
    "proto_swa_lr": 0.0004,
    "residual_n_epochs": 30,
    "residual_lr": 0.001,
    "residual_patience": 8,
    "residual_d_model": 128,
    "residual_d_state": 16,
    "residual_dropout": 0.1,
    "mlp_pca_dim": 64,
    "mlp_alpha_blend": 0.4,
    "mlp_min_pos": 5,
    "n_sites_cap": 20,
    "name": "bce_posw_legacy",
    "n_splits": 5,
    "fold_kind": "strat"
  },
  "config_hash": "7a8ab41215",
  "result": {
    "metrics": {
      "global": {
        "macro_auc": 0.8093829008401382,
        "rare_auc": NaN,
        "frequent_auc": 0.8251692558181414,
        "per_site_auc": {
          "S03": 0.7139610389610389,
          "S08": 0.3937339204591729,
          "S13": 0.9613715277777777,
          "S15": NaN,
          "S18": 0.6969696969696969,
          "S19": 0.4767246490258883,
          "S22": 0.8287985397994805,
          "S23": NaN
        },
        "site_auc_std": 0.19408311254529875,
        "per_hour_auc": {
          "0-5": 0.8578381405994382,
          "18-23": 0.815236054979115,
          "6-11": 0.6612955058275062
        },
        "first_pass_auc": 0.8054075062537084
      },
      "per_fold": {
        "0": {
          "final": {
            "macro_auc": 0.9082642475232225,
            "rare_auc": NaN,
            "frequent_auc": 0.9036774598993838,
            "per_site_auc": {
              "S08": NaN,
              "S18": 0.6969696969696969,
              "S22": 0.927867702079869
            },
            "site_auc_std": 0.11544900255508606,
            "per_hour_auc": {
              "0-5": 0.860768216539402,
              "18-23": 0.9327080868593873,
              "6-11": NaN
            },
            "first_pass_auc": 0.9022189561650901
          },
          "first_pass": {
            "macro_auc": 0.9022189561650901,
            "rare_auc": NaN,
            "frequent_auc": 0.8973299039733448,
            "per_site_auc": {
              "S08": NaN,
              "S18": 0.6969696969696969,
              "S22": 0.9153558091022695
            },
            "site_auc_std": 0.10919305606628632,
            "per_hour_auc": {
              "0-5": 0.8562619678375424,
              "18-23": 0.9244163814718939,
              "6-11": NaN
            }
          }
        },
        "1": {
          "final": {
            "macro_auc": 0.9138979430289178,
            "rare_auc": NaN,
            "frequent_auc": 0.9327254242893578,
            "per_site_auc": {
              "S03": NaN,
              "S08": NaN,
              "S15": NaN,
              "S19": 0.729361326600054,
              "S22": 0.908242001527744,
              "S23": NaN
            },
            "site_auc_std": 0.089440337463845,
            "per_hour_auc": {
              "0-5": 0.9443589996721713,
              "18-23": 0.8497014605495004,
              "6-11": 0.8749322192645174
            },
            "first_pass_auc": 0.8965789818140212
          },
          "first_pass": {
            "macro_auc": 0.8965789818140212,
            "rare_auc": NaN,
            "frequent_auc": 0.9189327338961013,
            "per_site_auc": {
              "S03": NaN,
              "S08": NaN,
              "S15": NaN,
              "S19": 0.7074106460892658,
              "S22": 0.8875700697288229,
              "S23": NaN
            },
            "site_auc_std": 0.09007971181977853,
            "per_hour_auc": {
              "0-5": 0.9378177971329452,
              "18-23": 0.8200506445922253,
              "6-11": 0.8537020605343587
            }
          }
        },
        "2": {
          "final": {
            "macro_auc": 0.9307675962619274,
            "rare_auc": NaN,
            "frequent_auc": 0.9398747801879968,
            "per_site_auc": {
              "S03": 0.95,
              "S13": 0.9613715277777777,
              "S22": 0.9128187513362501,
              "S23": NaN
            },
            "site_auc_std": 0.020734107692874138,
            "per_hour_auc": {
              "0-5": 0.9802097228554496,
              "18-23": 0.9056968156044831
            },
            "first_pass_auc": 0.9121959894041577
          },
          "first_pass": {
            "macro_auc": 0.9121959894041577,
            "rare_auc": NaN,
            "frequent_auc": 0.9258868989714412,
            "per_site_auc": {
              "S03": 0.95,
              "S13": 0.962673611111111,
              "S22": 0.8777569465918725,
              "S23": NaN
            },
            "site_auc_std": 0.037402494119745146,
            "per_hour_auc": {
              "0-5": 0.9740005725286522,
              "18-23": 0.8842422855481897
            }
          }
        },
        "3": {
          "final": {
            "macro_auc": 0.9109485870351467,
            "rare_auc": NaN,
            "frequent_auc": 0.9136652188713276,
            "per_site_auc": {
              "S08": NaN,
              "S15": NaN,
              "S19": NaN,
              "S22": 0.931068172105314,
              "S23": NaN
            },
            "site_auc_std": 0.0,
            "per_hour_auc": {
              "0-5": 0.8656390003851689,
              "18-23": 0.9667446631497042,
              "6-11": 0.9056888486029254
            },
            "first_pass_auc": 0.902508089461107
          },
          "first_pass": {
            "macro_auc": 0.902508089461107,
            "rare_auc": NaN,
            "frequent_auc": 0.9079725885372388,
            "per_site_auc": {
              "S08": NaN,
              "S15": NaN,
              "S19": NaN,
              "S22": 0.9196612646515794,
              "S23": NaN
            },
            "site_auc_std": 0.0,
            "per_hour_auc": {
              "0-5": 0.8667368269679092,
              "18-23": 0.9454362149093073,
              "6-11": 0.9118916480588708
            }
          }
        },
        "4": {
          "final": {
            "macro_auc": 0.9742491705754485,
            "rare_auc": NaN,
            "frequent_auc": 0.980091422660853,
            "per_site_auc": {
              "S08": NaN,
              "S15": NaN,
              "S22": 0.947210111199451
            },
            "site_auc_std": 0.0,
            "per_hour_auc": {
              "0-5": 0.9672035274666854,
              "18-23": 0.9488108637422076,
              "6-11": NaN
            },
            "first_pass_auc": 0.9732516424392402
          },
          "first_pass": {
            "macro_auc": 0.9732516424392402,
            "rare_auc": NaN,
            "frequent_auc": 0.975499695326853,
            "per_site_auc": {
              "S08": NaN,
              "S15": NaN,
              "S22": 0.9509090963466222
            },
            "site_auc_std": 0.0,
            "per_hour_auc": {
              "0-5": 0.9565407594354963,
              "18-23": 0.9506895809365712,
              "6-11": NaN
            }
          }
        }
      },
      "global_first_pass": {
        "macro_auc": 0.8054075062537084,
        "rare_auc": NaN,
        "frequent_auc": 0.8275391379671728,