{
  "config": {
    "seed": 42,
    "ensemble_w": 0.5,
    "lambda_prior": 0.4,
    "lambda_prior_texture": 1.0,
    "correction_weight": 0.3,
    "loss": "bce_posw",
    "focal_alpha": 0.25,
    "focal_gamma": 2.5,
    "label_smoothing": 0.03,
    "mask_secondary": false,
    "tta": "window_roll",
    "tta_shifts": [
      0,
      1,
      -1,
      2,
      -2
    ],
    "tta_shifts_secs": [
      0.0,
      1.25,
      -1.25,
      2.5,
      -2.5
    ],
    "smoothing": "adaptive",
    "smoothing_alpha": 0.2,
    "use_boost": false,
    "boost_threshold": 0.5,
    "boost_lift": 0.25,
    "file_conf_top_k": 2,
    "file_conf_power": 0.4,
    "rank_power": 0.4,
    "threshold_grid": [
      0.25,
      0.3,
      0.35,
      0.4,
      0.45,
      0.5,
      0.55,
      0.6,
      0.65,
      0.7
    ],
    "proto_n_epochs": 40,
    "proto_lr": 0.001,
    "proto_patience": 8,
    "proto_pos_weight_cap": 25.0,
    "proto_distill_weight": 0.15,
    "proto_swa_start_frac": 0.65,
    "proto_swa_lr": 0.0004,
    "residual_n_epochs": 30,
    "residual_lr": 0.001,
    "residual_patience": 8,
    "residual_d_model": 128,
    "residual_d_state": 16,
    "residual_dropout": 0.1,
    "mlp_pca_dim": 64,
    "mlp_alpha_blend": 0.4,
    "mlp_min_pos": 5,
    "n_sites_cap": 20,
    "name": "bce_posw_legacy",
    "n_splits": 5
  },
  "config_hash": "f544533734",
  "result": {
    "metrics": {
      "global": {
        "macro_auc": 0.8073202154786364,
        "rare_auc": NaN,
        "frequent_auc": 0.8211372526305312,
        "per_site_auc": {
          "S03": 0.7139610389610389,
          "S08": 0.40573450036368686,
          "S13": 0.9787326388888888,
          "S15": NaN,
          "S18": 0.6969696969696969,
          "S19": 0.450093421989282,
          "S22": 0.8241659412547906,
          "S23": NaN
        },
        "site_auc_std": 0.1998028616141222,
        "per_hour_auc": {
          "0-5": 0.8619116379035738,
          "18-23": 0.807150708501602,
          "6-11": 0.660361423782535
        },
        "first_pass_auc": 0.8060666538964956
      },
      "per_fold": {
        "0": {
          "final": {
            "macro_auc": 0.9059079675766151,
            "rare_auc": NaN,
            "frequent_auc": 0.9012033659554458,
            "per_site_auc": {
              "S08": NaN,
              "S18": 0.6969696969696969,
              "S22": 0.9205495549809531
            },
            "site_auc_std": 0.11178992900562812,
            "per_hour_auc": {
              "0-5": 0.8478440913592361,
              "18-23": 0.9139468332136228,
              "6-11": NaN
            },
            "first_pass_auc": 0.9007551639886832
          },
          "first_pass": {
            "macro_auc": 0.9007551639886832,
            "rare_auc": NaN,
            "frequent_auc": 0.8957929221881173,
            "per_site_auc": {
              "S08": NaN,
              "S18": 0.6969696969696969,
              "S22": 0.907892380351877
            },
            "site_auc_std": 0.10546134169109006,
            "per_hour_auc": {
              "0-5": 0.8491511033052886,
              "18-23": 0.9042137463745578,
              "6-11": NaN
            }
          }
        },
        "1": {
          "final": {
            "macro_auc": 0.9065861558858034,
            "rare_auc": NaN,
            "frequent_auc": 0.9238136605360314,
            "per_site_auc": {
              "S03": NaN,
              "S08": NaN,
              "S15": NaN,
              "S19": 0.7046889926391825,
              "S22": 0.849702584679514,
              "S23": NaN
            },
            "site_auc_std": 0.07250679602016574,
            "per_hour_auc": {
              "0-5": 0.9416818489917431,
              "18-23": 0.8115942945522715,
              "6-11": 0.8794390219856059
            },
            "first_pass_auc": 0.8887866683057124
          },
          "first_pass": {
            "macro_auc": 0.8887866683057124,
            "rare_auc": NaN,
            "frequent_auc": 0.9094487173396326,
            "per_site_auc": {
              "S03": NaN,
              "S08": NaN,
              "S15": NaN,
              "S19": 0.6454301361315221,
              "S22": 0.8383701967392626,
              "S23": NaN
            },
            "site_auc_std": 0.09647003030387025,
            "per_hour_auc": {
              "0-5": 0.9390950455156116,
              "18-23": 0.7865905508520005,
              "6-11": 0.8439354727398205
            }
          }
        },
        "2": {
          "final": {
            "macro_auc": 0.9284103976456551,
            "rare_auc": NaN,
            "frequent_auc": 0.9370854712266047,
            "per_site_auc": {
              "S03": 0.95,
              "S13": 0.9787326388888888,
              "S22": 0.9142762631107486,
              "S23": NaN
            },
            "site_auc_std": 0.02636574860033493,
            "per_hour_auc": {
              "0-5": 0.9787878595170261,
              "18-23": 0.9044493055006806
            },
            "first_pass_auc": 0.9138784071947822
          },
          "first_pass": {
            "macro_auc": 0.9138784071947822,
            "rare_auc": NaN,
            "frequent_auc": 0.9285627074703943,
            "per_site_auc": {
              "S03": 0.95,
              "S13": 0.9742476851851851,
              "S22": 0.890327864421643,
              "S23": NaN
            },
            "site_auc_std": 0.03526290200181534,
            "per_hour_auc": {
              "0-5": 0.9776817760580017,
              "18-23": 0.8857573246805657
            }
          }
        },
        "3": {
          "final": {
            "macro_auc": 0.9138901569736836,
            "rare_auc": NaN,
            "frequent_auc": 0.9170872202857638,
            "per_site_auc": {
              "S08": NaN,
              "S15": NaN,
              "S19": NaN,
              "S22": 0.9331777147130021,
              "S23": NaN
            },
            "site_auc_std": 0.0,
            "per_hour_auc": {
              "0-5": 0.898201362281822,
              "18-23": 0.9677195253200405,
              "6-11": 0.906731516497528
            },
            "first_pass_auc": 0.9066265766000502
          },
          "first_pass": {
            "macro_auc": 0.9066265766000502,
            "rare_auc": NaN,
            "frequent_auc": 0.9133036869870682,
            "per_site_auc": {
              "S08": NaN,
              "S15": NaN,
              "S19": NaN,
              "S22": 0.9286428273274917,
              "S23": NaN
            },
            "site_auc_std": 0.0,
            "per_hour_auc": {
              "0-5": 0.8812006502260333,
              "18-23": 0.9531300929577935,
              "6-11": 0.9160826010350499
            }
          }
        },
        "4": {
          "final": {
            "macro_auc": 0.9696195511260947,
            "rare_auc": NaN,
            "frequent_auc": 0.9750152787611795,
            "per_site_auc": {
              "S08": NaN,
              "S15": NaN,
              "S22": 0.9317881382634763
            },
            "site_auc_std": 0.0,
            "per_hour_auc": {
              "0-5": 0.9652191570612624,
              "18-23": 0.9338657281207075,
              "6-11": NaN
            },
            "first_pass_auc": 0.9723829215115728
          },
          "first_pass": {
            "macro_auc": 0.9723829215115728,
            "rare_auc": NaN,
            "frequent_auc": 0.9744639126823263,
            "per_site_auc": {
              "S08": NaN,
              "S15": NaN,
              "S22": 0.9406385049696904
            },
            "site_auc_std": 0.0,
            "per_hour_auc": {
              "0-5": 0.9652191570612624,
              "18-23": 0.938752043904097,
              "6-11": NaN
            }
          }
        }
      },
      "global_first_pass": {
        "macro_auc": 0.8060666538964956,
        "rare_auc": NaN,
        "frequent_auc": 0.8271877500636716,