{
  "config": {
    "seed": 42,
    "ensemble_w": 0.5,
    "lambda_prior": 0.0,
    "correction_weight": 0.0,
    "loss": "bce_posw",
    "focal_alpha": 0.25,
    "focal_gamma": 2.0,
    "label_smoothing": 0.03,
    "mask_secondary": false,
    "tta": "window_roll",
    "tta_shifts": [
      0,
      1,
      -1,
      2,
      -2
    ],
    "tta_shifts_secs": [
      0.0,
      1.25,
      -1.25,
      2.5,
      -2.5
    ],
    "smoothing": "gaussian",
    "smoothing_alpha": 0.2,
    "use_boost": true,
    "boost_threshold": 0.5,
    "boost_lift": 0.25,
    "file_conf_top_k": 2,
    "file_conf_power": 0.4,
    "rank_power": 0.4,
    "threshold_grid": [
      0.5
    ],
    "proto_n_epochs": 80,
    "proto_lr": 0.0008,
    "proto_patience": 20,
    "proto_pos_weight_cap": 25.0,
    "proto_distill_weight": 0.15,
    "proto_swa_start_frac": 0.65,
    "proto_swa_lr": 0.0004,
    "residual_n_epochs": 40,
    "residual_lr": 0.0008,
    "residual_patience": 12,
    "residual_d_model": 128,
    "residual_d_state": 16,
    "residual_dropout": 0.1,
    "mlp_pca_dim": 64,
    "mlp_alpha_blend": 0.4,
    "mlp_min_pos": 5,
    "n_sites_cap": 20,
    "name": "bce_posw_legacy"
  },
  "config_hash": "9a6333d913",
  "result": {
    "metrics": {
      "global": {
        "macro_auc": 0.868983766381852,
        "rare_auc": NaN,
        "frequent_auc": 0.8816211094797872,
        "per_site_auc": {
          "S03": 0.9045454545454545,
          "S08": NaN,
          "S13": NaN,
          "S15": NaN,
          "S18": 0.6543209876543209,
          "S19": 0.6665645556663864,
          "S22": 0.9136099261021059,
          "S23": NaN
        },
        "site_auc_std": 0.12443407650228137,
        "per_hour_auc": {
          "0-5": 0.8836725927079353,
          "18-23": 0.8810912124561913,
          "6-11": 0.6749049608546265
        },
        "first_pass_auc": 0.8698368880610925
      },
      "per_fold": {
        "0": {
          "final": {
            "macro_auc": 0.8958902379853824,
            "rare_auc": NaN,
            "frequent_auc": 0.8958902379853824,
            "per_site_auc": {
              "S22": 0.8958902379853824
            },
            "site_auc_std": 0.0,
            "per_hour_auc": {
              "0-5": 0.9044480133685078,
              "18-23": 0.8781774885825598
            },
            "first_pass_auc": 0.8608103135541343
          },
          "first_pass": {
            "macro_auc": 0.8608103135541343,
            "rare_auc": NaN,
            "frequent_auc": 0.8608103135541343,
            "per_site_auc": {
              "S22": 0.8608103135541343
            },
            "site_auc_std": 0.0,
            "per_hour_auc": {
              "0-5": 0.9279981303418804,
              "18-23": 0.8499512329557206
            }
          }
        },
        "1": {
          "final": {
            "macro_auc": 0.9388225531158944,
            "rare_auc": NaN,
            "frequent_auc": 0.9301295454716106,
            "per_site_auc": {
              "S18": 0.6543209876543209,
              "S22": 0.9428550064960677
            },
            "site_auc_std": 0.1442670094208734,
            "per_hour_auc": {
              "0-5": NaN,
              "18-23": 0.9517799653675282
            },
            "first_pass_auc": 0.936870703394788
          },
          "first_pass": {
            "macro_auc": 0.936870703394788,
            "rare_auc": NaN,
            "frequent_auc": 0.927158503917063,
            "per_site_auc": {
              "S18": 0.6969696969696969,
              "S22": 0.9405462470549326
            },
            "site_auc_std": 0.12178827504261786,
            "per_hour_auc": {
              "0-5": NaN,
              "18-23": 0.9554424470810965
            }
          }
        },
        "2": {
          "final": {
            "macro_auc": 0.8421867419504302,
            "rare_auc": NaN,
            "frequent_auc": 0.8258735356809547,
            "per_site_auc": {
              "S19": 0.6665645556663864,
              "S22": 0.9186250319601584
            },
            "site_auc_std": 0.12603023814688602,
            "per_hour_auc": {
              "0-5": 0.92828376362354,
              "18-23": 0.7914787542748811
            },
            "first_pass_auc": 0.8142551047385119
          },
          "first_pass": {
            "macro_auc": 0.8142551047385119,
            "rare_auc": NaN,
            "frequent_auc": 0.7940571910871066,
            "per_site_auc": {
              "S19": 0.7112240761996327,
              "S22": 0.8979291644208903
            },
            "site_auc_std": 0.09335254411062882,
            "per_hour_auc": {
              "0-5": 0.8949454948725759,
              "18-23": 0.7791971236352437
            }
          }
        },
        "3": {
          "final": {
            "macro_auc": 0.8681958715649247,
            "rare_auc": NaN,
            "frequent_auc": 0.843093490365521,
            "per_site_auc": {
              "S13": NaN,
              "S22": 0.8836860497368679,
              "S23": NaN
            },
            "site_auc_std": 0.0,
            "per_hour_auc": {
              "0-5": 0.7692750075259607,
              "18-23": NaN
            },
            "first_pass_auc": 0.8427654779187677
          },
          "first_pass": {
            "macro_auc": 0.8427654779187677,
            "rare_auc": NaN,
            "frequent_auc": 0.8178264945937755,
            "per_site_auc": {
              "S13": NaN,
              "S22": 0.8548510530879557,
              "S23": NaN
            },
            "site_auc_std": 0.0,
            "per_hour_auc": {
              "0-5": 0.7684881023872037,
              "18-23": NaN
            }
          }
        },
        "4": {
          "final": {
            "macro_auc": 0.7143602469076534,
            "rare_auc": NaN,
            "frequent_auc": 0.7100937877890847,
            "per_site_auc": {
              "S03": 0.9045454545454545,
              "S08": NaN,
              "S15": NaN,
              "S22": NaN
            },
            "site_auc_std": 0.0,
            "per_hour_auc": {
              "0-5": NaN,
              "18-23": 0.7835651936180164,
              "6-11": 0.6749049608546265
            },
            "first_pass_auc": 0.7236929824831844
          },
          "first_pass": {
            "macro_auc": 0.7236929824831844,
            "rare_auc": NaN,
            "frequent_auc": 0.7153160108957646,
            "per_site_auc": {
              "S03": 0.95,
              "S08": NaN,
              "S15": NaN,
              "S22": NaN
            },
            "site_auc_std": 0.0,
            "per_hour_auc": {
              "0-5": NaN,
              "18-23": 0.7805157827516683,
              "6-11": 0.7018378017887362
            }
          }
        }
      },
      "v_anchor": {
        "macro_auc": 0.8408184959674756,
        "rare_auc": NaN,
        "frequent_auc": 0.8506363509691255,
        "per_site_auc": {
          "S03": NaN,
          "S08": 0.8070494398106908,
          "S13": NaN,
          "S15": NaN,
          "S19": NaN,
          "S22": 0.8946269545631114,
          "S23": NaN
        },
        "site_auc_std": 0.0437887573762103,
        "per_hour_auc": {
          "0-5": 0.7794264397206965,
          "18-23": 0.9013709343346237,
          "6-11": 0.8097598171244244
        },
        "first_pass_auc": 0.8346992116360323
      },
      "global_first_pass": {
        "macro_auc": 0.8698368880610925,
        "rare_auc": NaN,
        "frequent_auc": 0.8759779631294947,
        "per_site_auc": {
          "S03": 0.95,
          "S08": NaN,
          "S13": NaN,
          "S15": NaN,
          "S18": 0.6969696969696969,
          "S19": 0.7112240761996327,
          "S22": 0.9011551475452968,
          "S23": NaN
        },
        "site_auc_std": 0.11219202095797377,
        "per_hour_auc": {
          "0-5": 0.8771284870490934,
          "18-23": 0.8690361699240852,
          "6-11": 0.7018378017887362
        }
      },