{
  "config": {
    "seed": 42,
    "ensemble_w": 0.5,
    "lambda_prior": 0.0,
    "correction_weight": 0.0,
    "loss": "bce_focal_mean",
    "focal_alpha": 0.25,
    "focal_gamma": 2.0,
    "label_smoothing": 0.03,
    "mask_secondary": false,
    "tta": "window_roll",
    "tta_shifts": [
      0,
      1,
      -1,
      2,
      -2
    ],
    "tta_shifts_secs": [
      0.0,
      1.25,
      -1.25,
      2.5,
      -2.5
    ],
    "smoothing": "gaussian",
    "smoothing_alpha": 0.2,
    "use_boost": true,
    "boost_threshold": 0.5,
    "boost_lift": 0.25,
    "file_conf_top_k": 2,
    "file_conf_power": 0.4,
    "rank_power": 0.4,
    "threshold_grid": [
      0.5
    ],
    "proto_n_epochs": 80,
    "proto_lr": 0.0008,
    "proto_patience": 20,
    "proto_pos_weight_cap": 25.0,
    "proto_distill_weight": 0.15,
    "proto_swa_start_frac": 0.65,
    "proto_swa_lr": 0.0004,
    "residual_n_epochs": 40,
    "residual_lr": 0.0008,
    "residual_patience": 12,
    "residual_d_model": 128,
    "residual_d_state": 16,
    "residual_dropout": 0.1,
    "mlp_pca_dim": 64,
    "mlp_alpha_blend": 0.4,
    "mlp_min_pos": 5,
    "n_sites_cap": 20,
    "name": "bce_focal_mean"
  },
  "config_hash": "fbb1355577",
  "result": {
    "metrics": {
      "global": {
        "macro_auc": 0.8871628776873285,
        "rare_auc": NaN,
        "frequent_auc": 0.8905600763381677,
        "per_site_auc": {
          "S03": 0.9045454545454545,
          "S08": NaN,
          "S13": NaN,
          "S15": NaN,
          "S18": 0.6543209876543209,
          "S19": 0.5885998759747331,
          "S22": 0.9121786959216752,
          "S23": NaN
        },
        "site_auc_std": 0.14534555242911548,
        "per_hour_auc": {
          "0-5": 0.9034088341136105,
          "18-23": 0.8723698755704786,
          "6-11": 0.6170298368418003
        },
        "first_pass_auc": 0.8836666755625958
      },
      "per_fold": {
        "0": {
          "final": {
            "macro_auc": 0.8830917699663013,
            "rare_auc": NaN,
            "frequent_auc": 0.8830917699663013,
            "per_site_auc": {
              "S22": 0.8830917699663013
            },
            "site_auc_std": 0.0,
            "per_hour_auc": {
              "0-5": 0.8725443180202997,
              "18-23": 0.8591149544670728
            },
            "first_pass_auc": 0.841695087139885
          },
          "first_pass": {
            "macro_auc": 0.841695087139885,
            "rare_auc": NaN,
            "frequent_auc": 0.841695087139885,
            "per_site_auc": {
              "S22": 0.841695087139885
            },
            "site_auc_std": 0.0,
            "per_hour_auc": {
              "0-5": 0.9225841346153846,
              "18-23": 0.8156666330277101
            }
          }
        },
        "1": {
          "final": {
            "macro_auc": 0.9413530520381329,
            "rare_auc": NaN,
            "frequent_auc": 0.9330493519203474,
            "per_site_auc": {
              "S18": 0.6543209876543209,
              "S22": 0.9456538892777004
            },
            "site_auc_std": 0.14566645081168977,
            "per_hour_auc": {
              "0-5": NaN,
              "18-23": 0.9506475823054606
            },
            "first_pass_auc": 0.9330637869041792
          },
          "first_pass": {
            "macro_auc": 0.9330637869041792,
            "rare_auc": NaN,
            "frequent_auc": 0.9227659079663606,
            "per_site_auc": {
              "S18": 0.6666666666666666,
              "S22": 0.9365960409058688
            },
            "site_auc_std": 0.13496468711960108,
            "per_hour_auc": {
              "0-5": NaN,
              "18-23": 0.9514201046590364
            }
          }
        },
        "2": {
          "final": {
            "macro_auc": 0.8193212863011469,
            "rare_auc": NaN,
            "frequent_auc": 0.785299412762815,
            "per_site_auc": {
              "S19": 0.5885998759747331,
              "S22": 0.9115795512130874
            },
            "site_auc_std": 0.16148983761917718,
            "per_hour_auc": {
              "0-5": 0.9035472988329888,
              "18-23": 0.774290896768748
            },
            "first_pass_auc": 0.8090342888491151
          },
          "first_pass": {
            "macro_auc": 0.8090342888491151,
            "rare_auc": NaN,
            "frequent_auc": 0.7727023100458579,
            "per_site_auc": {
              "S19": 0.5909859276469818,
              "S22": 0.89587296456787
            },
            "site_auc_std": 0.15244351846044413,
            "per_hour_auc": {
              "0-5": 0.8911019227831201,
              "18-23": 0.7654773048098814
            }
          }
        },
        "3": {
          "final": {
            "macro_auc": 0.9028803309151137,
            "rare_auc": NaN,
            "frequent_auc": 0.8847148415857475,
            "per_site_auc": {
              "S13": NaN,
              "S22": 0.8766374681949187,
              "S23": NaN
            },
            "site_auc_std": 0.0,
            "per_hour_auc": {
              "0-5": 0.8225457046937167,
              "18-23": NaN
            },
            "first_pass_auc": 0.8729154162905145
          },
          "first_pass": {
            "macro_auc": 0.8729154162905145,
            "rare_auc": NaN,
            "frequent_auc": 0.8533573012407525,
            "per_site_auc": {
              "S13": NaN,
              "S22": 0.8506721307035098,
              "S23": NaN
            },
            "site_auc_std": 0.0,
            "per_hour_auc": {
              "0-5": 0.8165089357205371,
              "18-23": NaN
            }
          }
        },
        "4": {
          "final": {
            "macro_auc": 0.7131474347564136,
            "rare_auc": NaN,
            "frequent_auc": 0.6954687603322672,
            "per_site_auc": {
              "S03": 0.9045454545454545,
              "S08": NaN,
              "S15": NaN,
              "S22": NaN
            },
            "site_auc_std": 0.0,
            "per_hour_auc": {
              "0-5": NaN,
              "18-23": 0.7822491186489242,
              "6-11": 0.6170298368418003
            },
            "first_pass_auc": 0.7266807161244498
          },
          "first_pass": {
            "macro_auc": 0.7266807161244498,
            "rare_auc": NaN,
            "frequent_auc": 0.7022383997049053,
            "per_site_auc": {
              "S03": 0.95,
              "S08": NaN,
              "S15": NaN,
              "S22": NaN
            },
            "site_auc_std": 0.0,
            "per_hour_auc": {
              "0-5": NaN,
              "18-23": 0.7838336582500711,
              "6-11": 0.6633392076455678
            }
          }
        }
      },
      "v_anchor": {
        "macro_auc": 0.8341928494855488,
        "rare_auc": NaN,
        "frequent_auc": 0.8430332568445138,
        "per_site_auc": {
          "S03": NaN,
          "S08": 0.7998030629990965,
          "S13": NaN,
          "S15": NaN,
          "S19": NaN,
          "S22": 0.9001377426762013,
          "S23": NaN
        },
        "site_auc_std": 0.05016733983855237,
        "per_hour_auc": {
          "0-5": 0.7837937431787877,
          "18-23": 0.887006299790621,
          "6-11": 0.8575877339740803
        },
        "first_pass_auc": 0.8243981153423077
      },
      "global_first_pass": {
        "macro_auc": 0.8836666755625958,
        "rare_auc": NaN,
        "frequent_auc": 0.8806390744610997,
        "per_site_auc": {
          "S03": 0.95,
          "S08": NaN,
          "S13": NaN,
          "S15": NaN,
          "S18": 0.6666666666666666,
          "S19": 0.5909859276469818,
          "S22": 0.8974028199106011,
          "S23": NaN
        },
        "site_auc_std": 0.15099532356489992,
        "per_hour_auc": {
          "0-5": 0.8900677657278474,
          "18-23": 0.8598511787468983,
          "6-11": 0.6633392076455678
        }
      },