{
  "config": {
    "seed": 42,
    "ensemble_w": 0.5,
    "lambda_prior": 0.0,
    "correction_weight": 0.0,
    "loss": "focal_bce",
    "focal_alpha": 0.25,
    "focal_gamma": 2.0,
    "label_smoothing": 0.03,
    "mask_secondary": false,
    "tta": "window_roll",
    "tta_shifts": [
      0,
      1,
      -1,
      2,
      -2
    ],
    "tta_shifts_secs": [
      0.0,
      1.25,
      -1.25,
      2.5,
      -2.5
    ],
    "smoothing": "gaussian",
    "smoothing_alpha": 0.2,
    "use_boost": true,
    "boost_threshold": 0.4,
    "boost_lift": 0.4,
    "file_conf_top_k": 2,
    "file_conf_power": 0.4,
    "rank_power": 0.4,
    "threshold_grid": [
      0.5
    ],
    "proto_n_epochs": 80,
    "proto_lr": 0.0008,
    "proto_patience": 20,
    "proto_pos_weight_cap": 25.0,
    "proto_distill_weight": 0.15,
    "proto_swa_start_frac": 0.65,
    "proto_swa_lr": 0.0004,
    "residual_n_epochs": 40,
    "residual_lr": 0.0008,
    "residual_patience": 12,
    "residual_d_model": 128,
    "residual_d_state": 16,
    "residual_dropout": 0.1,
    "mlp_pca_dim": 64,
    "mlp_alpha_blend": 0.4,
    "mlp_min_pos": 5,
    "n_sites_cap": 20,
    "name": "boost_strong"
  },
  "config_hash": "824efd61b2",
  "result": {
    "metrics": {
      "global": {
        "macro_auc": 0.8932835643113026,
        "rare_auc": NaN,
        "frequent_auc": 0.8954550306699559,
        "per_site_auc": {
          "S03": 0.9045454545454545,
          "S08": NaN,
          "S13": NaN,
          "S15": NaN,
          "S18": 0.6543209876543209,
          "S19": 0.5829490696660319,
          "S22": 0.9131797989690053,
          "S23": NaN
        },
        "site_auc_std": 0.147323037902818,
        "per_hour_auc": {
          "0-5": 0.9137819934952812,
          "18-23": 0.8700443670932946,
          "6-11": 0.6921761184275739
        },
        "first_pass_auc": 0.8887629619356493
      },
      "per_fold": {
        "0": {
          "final": {
            "macro_auc": 0.8861218635222886,
            "rare_auc": NaN,
            "frequent_auc": 0.8861218635222886,
            "per_site_auc": {
              "S22": 0.8861218635222886
            },
            "site_auc_std": 0.0,
            "per_hour_auc": {
              "0-5": 0.87618608687946,
              "18-23": 0.8643462390640807
            },
            "first_pass_auc": 0.8418309205630654
          },
          "first_pass": {
            "macro_auc": 0.8418309205630654,
            "rare_auc": NaN,
            "frequent_auc": 0.8418309205630654,
            "per_site_auc": {
              "S22": 0.8418309205630654
            },
            "site_auc_std": 0.0,
            "per_hour_auc": {
              "0-5": 0.9210216346153846,
              "18-23": 0.8167269318972643
            }
          }
        },
        "1": {
          "final": {
            "macro_auc": 0.94141903809812,
            "rare_auc": NaN,
            "frequent_auc": 0.933125489681871,
            "per_site_auc": {
              "S18": 0.6543209876543209,
              "S22": 0.9458157074919955
            },
            "site_auc_std": 0.1457473599188373,
            "per_hour_auc": {
              "0-5": NaN,
              "18-23": 0.950659308117473
            },
            "first_pass_auc": 0.9334779038069204
          },
          "first_pass": {
            "macro_auc": 0.9334779038069204,
            "rare_auc": NaN,
            "frequent_auc": 0.9232437351618312,
            "per_site_auc": {
              "S18": 0.6666666666666666,
              "S22": 0.9370357359770476
            },
            "site_auc_std": 0.13518453465519048,
            "per_hour_auc": {
              "0-5": NaN,
              "18-23": 0.9516845771404223
            }
          }
        },
        "2": {
          "final": {
            "macro_auc": 0.8059374385769736,
            "rare_auc": NaN,
            "frequent_auc": 0.7689097163335039,
            "per_site_auc": {
              "S19": 0.5829490696660319,
              "S22": 0.9115114591444592
            },
            "site_auc_std": 0.16428119473921365,
            "per_hour_auc": {
              "0-5": 0.901824762555164,
              "18-23": 0.7456797346255226
            },
            "first_pass_auc": 0.7968065952324382
          },
          "first_pass": {
            "macro_auc": 0.7968065952324382,
            "rare_auc": NaN,
            "frequent_auc": 0.7581209575514777,
            "per_site_auc": {
              "S19": 0.5654121925038686,
              "S22": 0.8959927982860834
            },
            "site_auc_std": 0.16529030289110735,
            "per_hour_auc": {
              "0-5": 0.8903006407318379,
              "18-23": 0.7374986816264995
            }
          }
        },
        "3": {
          "final": {
            "macro_auc": 0.9066642424742062,
            "rare_auc": NaN,
            "frequent_auc": 0.8892555354566587,
            "per_site_auc": {
              "S13": NaN,
              "S22": 0.8820421130012946,
              "S23": NaN
            },
            "site_auc_std": 0.0,
            "per_hour_auc": {
              "0-5": 0.829304963952976,
              "18-23": NaN
            },
            "first_pass_auc": 0.8747378050415353
          },
          "first_pass": {
            "macro_auc": 0.8747378050415353,
            "rare_auc": NaN,
            "frequent_auc": 0.8556643600496698,
            "per_site_auc": {
              "S13": NaN,
              "S22": 0.8511445403301212,
              "S23": NaN
            },
            "site_auc_std": 0.0,
            "per_hour_auc": {
              "0-5": 0.8252671056551776,
              "18-23": NaN
            }
          }
        },
        "4": {
          "final": {
            "macro_auc": 0.7440119255686698,
            "rare_auc": NaN,
            "frequent_auc": 0.7351295091080098,
            "per_site_auc": {
              "S03": 0.9045454545454545,
              "S08": NaN,
              "S15": NaN,
              "S22": NaN
            },
            "site_auc_std": 0.0,
            "per_hour_auc": {
              "0-5": NaN,
              "18-23": 0.7857402680927866,
              "6-11": 0.6921761184275739
            },
            "first_pass_auc": 0.746238730779136
          },
          "first_pass": {
            "macro_auc": 0.746238730779136,
            "rare_auc": NaN,
            "frequent_auc": 0.7308553440081194,
            "per_site_auc": {
              "S03": 0.95,
              "S08": NaN,
              "S15": NaN,
              "S22": NaN
            },
            "site_auc_std": 0.0,
            "per_hour_auc": {
              "0-5": NaN,
              "18-23": 0.785119064654012,
              "6-11": 0.7152109366822562
            }
          }
        }
      },
      "v_anchor": {
        "macro_auc": 0.8318595420142617,
        "rare_auc": NaN,
        "frequent_auc": 0.8430465443886428,
        "per_site_auc": {
          "S03": NaN,
          "S08": 0.7998030629990965,
          "S13": NaN,
          "S15": NaN,
          "S19": NaN,
          "S22": 0.9023246298630884,
          "S23": NaN
        },
        "site_auc_std": 0.051260783431995915,
        "per_hour_auc": {
          "0-5": 0.7860343548706189,
          "18-23": 0.885240683179075,
          "6-11": 0.8400646773205889
        },
        "first_pass_auc": 0.8208651659106088
      },
      "global_first_pass": {
        "macro_auc": 0.8887629619356493,
        "rare_auc": NaN,
        "frequent_auc": 0.8843759963281768,
        "per_site_auc": {
          "S03": 0.95,
          "S08": NaN,
          "S13": NaN,
          "S15": NaN,
          "S18": 0.6666666666666666,
          "S19": 0.5654121925038686,
          "S22": 0.8977612072581502,
          "S23": NaN
        },
        "site_auc_std": 0.1591044220309614,
        "per_hour_auc": {
          "0-5": 0.8990518264398665,
          "18-23": 0.8575725220875873,
          "6-11": 0.7152109366822562
        }
      },