{
  "config": {
    "seed": 42,
    "ensemble_w": 0.5,
    "lambda_prior": 0.0,
    "correction_weight": 0.0,
    "loss": "focal_bce",
    "focal_alpha": 0.25,
    "focal_gamma": 2.0,
    "label_smoothing": 0.03,
    "mask_secondary": false,
    "tta": "waveform_shift",
    "tta_shifts": [
      0,
      1,
      -1,
      2,
      -2
    ],
    "tta_shifts_secs": [
      0.0,
      1.25,
      -1.25,
      2.5,
      -2.5
    ],
    "smoothing": "gaussian",
    "smoothing_alpha": 0.2,
    "use_boost": true,
    "boost_threshold": 0.5,
    "boost_lift": 0.25,
    "file_conf_top_k": 2,
    "file_conf_power": 0.4,
    "rank_power": 0.4,
    "threshold_grid": [
      0.5
    ],
    "proto_n_epochs": 80,
    "proto_lr": 0.0008,
    "proto_patience": 20,
    "proto_pos_weight_cap": 25.0,
    "proto_distill_weight": 0.15,
    "proto_swa_start_frac": 0.65,
    "proto_swa_lr": 0.0004,
    "residual_n_epochs": 40,
    "residual_lr": 0.0008,
    "residual_patience": 12,
    "residual_d_model": 128,
    "residual_d_state": 16,
    "residual_dropout": 0.1,
    "mlp_pca_dim": 128,
    "mlp_alpha_blend": 0.4,
    "mlp_min_pos": 5,
    "n_sites_cap": 20,
    "name": "focal_bce_waveform_shift"
  },
  "config_hash": "508944f93a",
  "result": {
    "metrics": {
      "global": {
        "macro_auc": 0.8845838471536314,
        "rare_auc": NaN,
        "frequent_auc": 0.8829869127372063,
        "per_site_auc": {
          "S03": 0.7082792207792208,
          "S08": 0.6129569345086506,
          "S13": 0.8026620370370371,
          "S15": NaN,
          "S18": 0.787878787878788,
          "S19": 0.6307113747316917,
          "S22": 0.8913869506257832,
          "S23": NaN
        },
        "site_auc_std": 0.09850619099889742,
        "per_hour_auc": {
          "0-5": 0.8868714624915842,
          "18-23": 0.8406494660190501,
          "6-11": 0.7918007802854982
        },
        "first_pass_auc": 0.8809451933886633
      },
      "per_fold": {
        "0": {
          "final": {
            "macro_auc": 0.9229773549827427,
            "rare_auc": NaN,
            "frequent_auc": 0.9191262227318798,
            "per_site_auc": {
              "S08": NaN,
              "S18": 0.787878787878788,
              "S22": 0.9222080499483846
            },
            "site_auc_std": 0.0671646310347983,
            "per_hour_auc": {
              "0-5": 0.8469491907162696,
              "18-23": 0.9208662080605016,
              "6-11": NaN
            },
            "first_pass_auc": 0.90712187091804
          },
          "first_pass": {
            "macro_auc": 0.90712187091804,
            "rare_auc": NaN,
            "frequent_auc": 0.9024779644639421,
            "per_site_auc": {
              "S08": NaN,
              "S18": 0.745230078563412,
              "S22": 0.9046371146774242
            },
            "site_auc_std": 0.07970351805700615,
            "per_hour_auc": {
              "0-5": 0.8442691501191073,
              "18-23": 0.9121535215649151,
              "6-11": NaN
            }
          }
        },
        "1": {
          "final": {
            "macro_auc": 0.828281282401629,
            "rare_auc": NaN,
            "frequent_auc": 0.8349109829988068,
            "per_site_auc": {
              "S03": NaN,
              "S08": NaN,
              "S15": NaN,
              "S19": 0.5949452211017376,
              "S22": 0.909070881120037,
              "S23": NaN
            },
            "site_auc_std": 0.15706283000914967,
            "per_hour_auc": {
              "0-5": 0.9007120719618363,
              "18-23": 0.7406699779035837,
              "6-11": 0.7984934191067732
            },
            "first_pass_auc": 0.804013855244676
          },
          "first_pass": {
            "macro_auc": 0.804013855244676,
            "rare_auc": NaN,
            "frequent_auc": 0.8131799862113418,
            "per_site_auc": {
              "S03": NaN,
              "S08": NaN,
              "S15": NaN,
              "S19": 0.5407807471750679,
              "S22": 0.8746680876771704,
              "S23": NaN
            },
            "site_auc_std": 0.16694367025105128,
            "per_hour_auc": {
              "0-5": 0.876540918288303,
              "18-23": 0.7062259813958267,
              "6-11": 0.8030908015380066
            }
          }
        },
        "2": {
          "final": {
            "macro_auc": 0.9188171803967485,
            "rare_auc": NaN,
            "frequent_auc": 0.9265319343974442,
            "per_site_auc": {
              "S03": 0.9045454545454545,
              "S13": 0.8026620370370371,
              "S22": 0.889102447780535,
              "S23": NaN
            },
            "site_auc_std": 0.04483384365340353,
            "per_hour_auc": {
              "0-5": 0.975657708743996,
              "18-23": 0.9036414887701488
            },
            "first_pass_auc": 0.8957120745516713
          },
          "first_pass": {
            "macro_auc": 0.8957120745516713,
            "rare_auc": NaN,
            "frequent_auc": 0.9050830680135793,
            "per_site_auc": {
              "S03": 0.95,
              "S13": 0.8512731481481483,
              "S22": 0.8667356768936287,
              "S23": NaN
            },
            "site_auc_std": 0.043357722078008545,
            "per_hour_auc": {
              "0-5": 0.9602268356091352,
              "18-23": 0.8809448497815101
            }
          }
        },
        "3": {
          "final": {
            "macro_auc": 0.8466312794431751,
            "rare_auc": NaN,
            "frequent_auc": 0.8619826353729303,
            "per_site_auc": {
              "S08": NaN,
              "S15": NaN,
              "S19": NaN,
              "S22": 0.9335064974221023,
              "S23": NaN
            },
            "site_auc_std": 0.0,
            "per_hour_auc": {
              "0-5": 0.8274034100123661,
              "18-23": 0.8598740136103122,
              "6-11": 0.7885008776749531
            },
            "first_pass_auc": 0.8514350581759432
          },
          "first_pass": {
            "macro_auc": 0.8514350581759432,
            "rare_auc": NaN,
            "frequent_auc": 0.8559635549237573,
            "per_site_auc": {
              "S08": NaN,
              "S15": NaN,
              "S19": NaN,
              "S22": 0.9255819184520607,
              "S23": NaN
            },
            "site_auc_std": 0.0,
            "per_hour_auc": {
              "0-5": 0.8315978557238136,
              "18-23": 0.858322211207272,
              "6-11": 0.8495309225529635
            }
          }
        },
        "4": {
          "final": {
            "macro_auc": 0.9414268179400758,
            "rare_auc": NaN,
            "frequent_auc": 0.953820091230643,
            "per_site_auc": {
              "S08": NaN,
              "S15": NaN,
              "S22": 0.9228462266047635
            },
            "site_auc_std": 0.0,
            "per_hour_auc": {
              "0-5": 0.9174242004340688,
              "18-23": 0.9258030383637611,
              "6-11": NaN
            },
            "first_pass_auc": 0.9466707756783751
          },
          "first_pass": {
            "macro_auc": 0.9466707756783751,
            "rare_auc": NaN,
            "frequent_auc": 0.9503555105013818,
            "per_site_auc": {
              "S08": NaN,
              "S15": NaN,
              "S22": 0.9424567074292167
            },
            "site_auc_std": 0.0,
            "per_hour_auc": {
              "0-5": 0.9107404027908413,
              "18-23": 0.9415025310007731,
              "6-11": NaN
            }
          }
        }
      },
      "global_first_pass": {
        "macro_auc": 0.8809451933886633,
        "rare_auc": NaN,
        "frequent_auc": 0.8737610746352398,
        "per_site_auc": {
          "S03": 0.862012987012987,
          "S08": 0.6386175273059841,
          "S13": 0.8512731481481483,
          "S15": NaN,