{
  "config": {
    "seed": 42,
    "ensemble_w": 0.5,
    "lambda_prior": 0.0,
    "correction_weight": 0.0,
    "loss": "focal_bce",
    "focal_alpha": 0.25,
    "focal_gamma": 2.0,
    "label_smoothing": 0.03,
    "mask_secondary": false,
    "tta": "waveform_shift",
    "tta_shifts": [
      0,
      1,
      -1,
      2,
      -2
    ],
    "tta_shifts_secs": [
      0.0,
      1.25,
      -1.25,
      2.5,
      -2.5
    ],
    "smoothing": "gaussian",
    "smoothing_alpha": 0.2,
    "use_boost": true,
    "boost_threshold": 0.5,
    "boost_lift": 0.25,
    "file_conf_top_k": 2,
    "file_conf_power": 0.4,
    "rank_power": 0.4,
    "threshold_grid": [
      0.5
    ],
    "proto_n_epochs": 80,
    "proto_lr": 0.0008,
    "proto_patience": 20,
    "proto_pos_weight_cap": 25.0,
    "proto_distill_weight": 0.15,
    "proto_swa_start_frac": 0.65,
    "proto_swa_lr": 0.0004,
    "residual_n_epochs": 40,
    "residual_lr": 0.0008,
    "residual_patience": 12,
    "residual_d_model": 128,
    "residual_d_state": 16,
    "residual_dropout": 0.1,
    "mlp_pca_dim": 64,
    "mlp_alpha_blend": 0.4,
    "mlp_min_pos": 5,
    "n_sites_cap": 20,
    "name": "gaussian_plus_boost"
  },
  "config_hash": "6bcc590566",
  "result": {
    "metrics": {
      "global": {
        "macro_auc": 0.8934445170889432,
        "rare_auc": NaN,
        "frequent_auc": 0.8955733205337278,
        "per_site_auc": {
          "S03": 0.9045454545454545,
          "S08": NaN,
          "S13": NaN,
          "S15": NaN,
          "S18": 0.6543209876543209,
          "S19": 0.5836999845317793,
          "S22": 0.9121249465192877,
          "S23": NaN
        },
        "site_auc_std": 0.1468257281402874,
        "per_hour_auc": {
          "0-5": 0.9124737860223615,
          "18-23": 0.8693172546636241,
          "6-11": 0.6943461560240897
        },
        "first_pass_auc": 0.8892476379292964
      },
      "per_fold": {
        "0": {
          "final": {
            "macro_auc": 0.884763729554198,
            "rare_auc": NaN,
            "frequent_auc": 0.884763729554198,
            "per_site_auc": {
              "S22": 0.884763729554198
            },
            "site_auc_std": 0.0,
            "per_hour_auc": {
              "0-5": 0.8723232106252793,
              "18-23": 0.8624745797790015
            },
            "first_pass_auc": 0.8421648865573955
          },
          "first_pass": {
            "macro_auc": 0.8421648865573955,
            "rare_auc": NaN,
            "frequent_auc": 0.8421648865573955,
            "per_site_auc": {
              "S22": 0.8421648865573955
            },
            "site_auc_std": 0.0,
            "per_hour_auc": {
              "0-5": 0.9202403846153846,
              "18-23": 0.816969138156746
            }
          }
        },
        "1": {
          "final": {
            "macro_auc": 0.9415608808165887,
            "rare_auc": NaN,
            "frequent_auc": 0.9332891543570272,
            "per_site_auc": {
              "S18": 0.6543209876543209,
              "S22": 0.945881917604073
            },
            "site_auc_std": 0.14578046497487607,
            "per_hour_auc": {
              "0-5": NaN,
              "18-23": 0.9507636322278827
            },
            "first_pass_auc": 0.9334610976232625
          },
          "first_pass": {
            "macro_auc": 0.9334610976232625,
            "rare_auc": NaN,
            "frequent_auc": 0.9232243434114568,
            "per_site_auc": {
              "S18": 0.6666666666666666,
              "S22": 0.9369881466065415
            },
            "site_auc_std": 0.13516073996993744,
            "per_hour_auc": {
              "0-5": NaN,
              "18-23": 0.9516235270793724
            }
          }
        },
        "2": {
          "final": {
            "macro_auc": 0.8052535750390233,
            "rare_auc": NaN,
            "frequent_auc": 0.7680656835957373,
            "per_site_auc": {
              "S19": 0.5836999845317793,
              "S22": 0.9110441014980165
            },
            "site_auc_std": 0.1636720584831186,
            "per_hour_auc": {
              "0-5": 0.9014725506644906,
              "18-23": 0.7432013826827891
            },
            "first_pass_auc": 0.7974621474571799
          },
          "first_pass": {
            "macro_auc": 0.7974621474571799,
            "rare_auc": NaN,
            "frequent_auc": 0.7587425221468908,
            "per_site_auc": {
              "S19": 0.5662583581227616,
              "S22": 0.8958601205853475
            },
            "site_auc_std": 0.16480088123129294,
            "per_hour_auc": {
              "0-5": 0.8899953904265876,
              "18-23": 0.7389552137810749
            }
          }
        },
        "3": {
          "final": {
            "macro_auc": 0.9049917480211366,
            "rare_auc": NaN,
            "frequent_auc": 0.8872485421129749,
            "per_site_auc": {
              "S13": NaN,
              "S22": 0.8781416795086774,
              "S23": NaN
            },
            "site_auc_std": 0.0,
            "per_hour_auc": {
              "0-5": 0.8297679269159388,
              "18-23": NaN
            },
            "first_pass_auc": 0.8744630367498486
          },
          "first_pass": {
            "macro_auc": 0.8744630367498486,
            "rare_auc": NaN,
            "frequent_auc": 0.8553346380996458,
            "per_site_auc": {
              "S13": NaN,
              "S22": 0.8512160659720638,
              "S23": NaN
            },
            "site_auc_std": 0.0,
            "per_hour_auc": {
              "0-5": 0.824850438988511,
              "18-23": NaN
            }
          }
        },
        "4": {
          "final": {
            "macro_auc": 0.7425069972589337,
            "rare_auc": NaN,
            "frequent_auc": 0.7357518643297681,
            "per_site_auc": {
              "S03": 0.9045454545454545,
              "S08": NaN,
              "S15": NaN,
              "S22": NaN
            },
            "site_auc_std": 0.0,
            "per_hour_auc": {
              "0-5": NaN,
              "18-23": 0.7839318109566165,
              "6-11": 0.6943461560240897
            },
            "first_pass_auc": 0.7481139948398204
          },
          "first_pass": {
            "macro_auc": 0.7481139948398204,
            "rare_auc": NaN,
            "frequent_auc": 0.7313194694236193,
            "per_site_auc": {
              "S03": 0.95,
              "S08": NaN,
              "S15": NaN,
              "S22": NaN
            },
            "site_auc_std": 0.0,
            "per_hour_auc": {
              "0-5": NaN,
              "18-23": 0.785119064654012,
              "6-11": 0.7137647895985777
            }
          }
        }
      },
      "v_anchor": {
        "macro_auc": 0.8307772982161179,
        "rare_auc": NaN,
        "frequent_auc": 0.841426989806988,
        "per_site_auc": {
          "S03": NaN,
          "S08": 0.7998030629990965,
          "S13": NaN,
          "S15": NaN,
          "S19": NaN,
          "S22": 0.89882942136788,
          "S23": NaN
        },
        "site_auc_std": 0.04951317918439174,
        "per_hour_auc": {
          "0-5": 0.7879749278477772,
          "18-23": 0.8857711694951165,
          "6-11": 0.8426320173879289
        },
        "first_pass_auc": 0.820714719873339
      },
      "global_first_pass": {
        "macro_auc": 0.8892476379292964,
        "rare_auc": NaN,
        "frequent_auc": 0.8844760832856652,
        "per_site_auc": {
          "S03": 0.95,
          "S08": NaN,
          "S13": NaN,
          "S15": NaN,
          "S18": 0.6666666666666666,
          "S19": 0.5662583581227616,
          "S22": 0.8977735430666625,
          "S23": NaN
        },
        "site_auc_std": 0.15883512734999497,
        "per_hour_auc": {
          "0-5": 0.8996547179171291,
          "18-23": 0.8577025887993289,
          "6-11": 0.7137647895985777
        }
      },