{
  "config": {
    "seed": 42,
    "ensemble_w": 0.5,
    "lambda_prior": 0.0,
    "correction_weight": 0.0,
    "loss": "focal_bce",
    "focal_alpha": 0.25,
    "focal_gamma": 2.0,
    "label_smoothing": 0.03,
    "mask_secondary": false,
    "tta": "window_roll",
    "tta_shifts": [
      0,
      1,
      -1,
      2,
      -2
    ],
    "tta_shifts_secs": [
      0.0,
      1.25,
      -1.25,
      2.5,
      -2.5
    ],
    "smoothing": "gaussian",
    "smoothing_alpha": 0.2,
    "use_boost": false,
    "boost_threshold": 0.5,
    "boost_lift": 0.25,
    "file_conf_top_k": 2,
    "file_conf_power": 0.4,
    "rank_power": 0.4,
    "threshold_grid": [
      0.5
    ],
    "proto_n_epochs": 80,
    "proto_lr": 0.0008,
    "proto_patience": 20,
    "proto_pos_weight_cap": 25.0,
    "proto_distill_weight": 0.15,
    "proto_swa_start_frac": 0.65,
    "proto_swa_lr": 0.0004,
    "residual_n_epochs": 40,
    "residual_lr": 0.0008,
    "residual_patience": 12,
    "residual_d_model": 128,
    "residual_d_state": 16,
    "residual_dropout": 0.1,
    "mlp_pca_dim": 128,
    "mlp_alpha_blend": 0.4,
    "mlp_min_pos": 5,
    "n_sites_cap": 20,
    "name": "no_boost"
  },
  "config_hash": "d0eea5b171",
  "result": {
    "metrics": {
      "global": {
        "macro_auc": 0.8848723121980268,
        "rare_auc": NaN,
        "frequent_auc": 0.8826737128128076,
        "per_site_auc": {
          "S03": 0.7207792207792209,
          "S08": 0.607469210721689,
          "S13": 0.8039641203703703,
          "S15": NaN,
          "S18": 0.787878787878788,
          "S19": 0.6333223507550035,
          "S22": 0.8910104516474924,
          "S23": NaN
        },
        "site_auc_std": 0.09874094951522025,
        "per_hour_auc": {
          "0-5": 0.8853445525617037,
          "18-23": 0.8417357728776335,
          "6-11": 0.795353235248332
        },
        "first_pass_auc": 0.8807621302920655
      },
      "per_fold": {
        "0": {
          "final": {
            "macro_auc": 0.9210886220080549,
            "rare_auc": NaN,
            "frequent_auc": 0.9171430531084577,
            "per_site_auc": {
              "S08": NaN,
              "S18": 0.787878787878788,
              "S22": 0.9220655362441861
            },
            "site_auc_std": 0.06709337418269906,
            "per_hour_auc": {
              "0-5": 0.8472115936572437,
              "18-23": 0.9217692402135337,
              "6-11": NaN
            },
            "first_pass_auc": 0.9072347560665296
          },
          "first_pass": {
            "macro_auc": 0.9072347560665296,
            "rare_auc": NaN,
            "frequent_auc": 0.9025964938698561,
            "per_site_auc": {
              "S08": NaN,
              "S18": 0.745230078563412,
              "S22": 0.9047192418413303
            },
            "site_auc_std": 0.0797445816389592,
            "per_hour_auc": {
              "0-5": 0.8442140354806593,
              "18-23": 0.9122236494373528,
              "6-11": NaN
            }
          }
        },
        "1": {
          "final": {
            "macro_auc": 0.8233881638878932,
            "rare_auc": NaN,
            "frequent_auc": 0.8333378035206069,
            "per_site_auc": {
              "S03": NaN,
              "S08": NaN,
              "S15": NaN,
              "S19": 0.5884150066767865,
              "S22": 0.9005051540629305,
              "S23": NaN
            },
            "site_auc_std": 0.15604507369307202,
            "per_hour_auc": {
              "0-5": 0.8920894987116035,
              "18-23": 0.7346029522223256,
              "6-11": 0.7987343488119886
            },
            "first_pass_auc": 0.8028440742756825
          },
          "first_pass": {
            "macro_auc": 0.8028440742756825,
            "rare_auc": NaN,
            "frequent_auc": 0.8136368499070951,
            "per_site_auc": {
              "S03": NaN,
              "S08": NaN,
              "S15": NaN,
              "S19": 0.5399389963333172,
              "S22": 0.8752044861446034,
              "S23": NaN
            },
            "site_auc_std": 0.16763274490564312,
            "per_hour_auc": {
              "0-5": 0.8707382103579356,
              "18-23": 0.705607919173953,
              "6-11": 0.8048765158237209
            }
          }
        },
        "2": {
          "final": {
            "macro_auc": 0.9155130396235912,
            "rare_auc": NaN,
            "frequent_auc": 0.9236457205559744,
            "per_site_auc": {
              "S03": 0.9045454545454545,
              "S13": 0.8039641203703703,
              "S22": 0.8825690590423833,
              "S23": NaN
            },
            "site_auc_std": 0.043177029808012864,
            "per_hour_auc": {
              "0-5": 0.9722421489717,
              "18-23": 0.9011304660694499
            },
            "first_pass_auc": 0.89565452258323
          },
          "first_pass": {
            "macro_auc": 0.89565452258323,
            "rare_auc": NaN,
            "frequent_auc": 0.9049747179113057,
            "per_site_auc": {
              "S03": 0.95,
              "S13": 0.8512731481481483,
              "S22": 0.8662101568246122,
              "S23": NaN
            },
            "site_auc_std": 0.04344964304179457,
            "per_hour_auc": {
              "0-5": 0.9600301013970558,
              "18-23": 0.8807846246294488
            }
          }
        },
        "3": {
          "final": {
            "macro_auc": 0.8486044686218943,
            "rare_auc": NaN,
            "frequent_auc": 0.8630788078956467,
            "per_site_auc": {
              "S08": NaN,
              "S15": NaN,
              "S19": NaN,
              "S22": 0.9335028010149556,
              "S23": NaN
            },
            "site_auc_std": 0.0,
            "per_hour_auc": {
              "0-5": 0.8314072984451338,
              "18-23": 0.861066041104423,
              "6-11": 0.8008643587210218
            },
            "first_pass_auc": 0.8524333117014815
          },
          "first_pass": {
            "macro_auc": 0.8524333117014815,
            "rare_auc": NaN,
            "frequent_auc": 0.8554134983199995,
            "per_site_auc": {
              "S08": NaN,
              "S15": NaN,
              "S19": NaN,
              "S22": 0.9257096497668019,
              "S23": NaN
            },
            "site_auc_std": 0.0,
            "per_hour_auc": {
              "0-5": 0.8328913075979648,
              "18-23": 0.8585623713739028,
              "6-11": 0.8518733864025384
            }
          }
        },
        "4": {
          "final": {
            "macro_auc": 0.9436003107233862,
            "rare_auc": NaN,
            "frequent_auc": 0.9546341570084405,
            "per_site_auc": {
              "S08": NaN,
              "S15": NaN,
              "S22": 0.929281123386689
            },
            "site_auc_std": 0.0,
            "per_hour_auc": {
              "0-5": 0.9174242004340688,
              "18-23": 0.931213218590304,
              "6-11": NaN
            },
            "first_pass_auc": 0.9466152550659304
          },
          "first_pass": {
            "macro_auc": 0.9466152550659304,
            "rare_auc": NaN,
            "frequent_auc": 0.9502893128480824,
            "per_site_auc": {
              "S08": NaN,
              "S15": NaN,
              "S22": 0.9423605858059108
            },
            "site_auc_std": 0.0,
            "per_hour_auc": {
              "0-5": 0.9098012493516879,
              "18-23": 0.9414002602010877,
              "6-11": NaN
            }
          }
        }
      },
      "global_first_pass": {
        "macro_auc": 0.8807621302920655,
        "rare_auc": NaN,
        "frequent_auc": 0.8737355826963644,
        "per_site_auc": {
          "S03": 0.862012987012987,
          "S08": 0.6343572505869651,
          "S13": 0.8512731481481483,
          "S15": NaN,
          "S18": 0.745230078563412,