{
  "config": {
    "seed": 42,
    "ensemble_w": 0.5,
    "lambda_prior": 0.0,
    "correction_weight": 0.0,
    "loss": "focal_bce",
    "focal_alpha": 0.25,
    "focal_gamma": 2.0,
    "label_smoothing": 0.03,
    "mask_secondary": false,
    "tta": "window_roll",
    "tta_shifts": [
      0,
      1,
      -1,
      2,
      -2
    ],
    "tta_shifts_secs": [
      0.0,
      1.25,
      -1.25,
      2.5,
      -2.5
    ],
    "smoothing": "gaussian",
    "smoothing_alpha": 0.2,
    "use_boost": false,
    "boost_threshold": 0.5,
    "boost_lift": 0.25,
    "file_conf_top_k": 2,
    "file_conf_power": 0.4,
    "rank_power": 0.4,
    "threshold_grid": [
      0.5
    ],
    "proto_n_epochs": 80,
    "proto_lr": 0.0008,
    "proto_patience": 20,
    "proto_pos_weight_cap": 25.0,
    "proto_distill_weight": 0.15,
    "proto_swa_start_frac": 0.65,
    "proto_swa_lr": 0.0004,
    "residual_n_epochs": 40,
    "residual_lr": 0.0008,
    "residual_patience": 12,
    "residual_d_model": 128,
    "residual_d_state": 16,
    "residual_dropout": 0.1,
    "mlp_pca_dim": 64,
    "mlp_alpha_blend": 0.4,
    "mlp_min_pos": 5,
    "n_sites_cap": 20,
    "name": "no_boost"
  },
  "config_hash": "d6cc535f34",
  "result": {
    "metrics": {
      "global": {
        "macro_auc": 0.8940905575898864,
        "rare_auc": NaN,
        "frequent_auc": 0.8948813886942334,
        "per_site_auc": {
          "S03": 0.9045454545454545,
          "S08": NaN,
          "S13": NaN,
          "S15": NaN,
          "S18": 0.6543209876543209,
          "S19": 0.5829490696660319,
          "S22": 0.9119294988096038,
          "S23": NaN
        },
        "site_auc_std": 0.14700664550553022,
        "per_hour_auc": {
          "0-5": 0.9109287677969089,
          "18-23": 0.8694408641983619,
          "6-11": 0.7000114319454428
        },
        "first_pass_auc": 0.8887629619356493
      },
      "per_fold": {
        "0": {
          "final": {
            "macro_auc": 0.8807138295379311,
            "rare_auc": NaN,
            "frequent_auc": 0.8807138295379311,
            "per_site_auc": {
              "S22": 0.8807138295379311
            },
            "site_auc_std": 0.0,
            "per_hour_auc": {
              "0-5": 0.864814849421266,
              "18-23": 0.8556118572642227
            },
            "first_pass_auc": 0.8418309205630654
          },
          "first_pass": {
            "macro_auc": 0.8418309205630654,
            "rare_auc": NaN,
            "frequent_auc": 0.8418309205630654,
            "per_site_auc": {
              "S22": 0.8418309205630654
            },
            "site_auc_std": 0.0,
            "per_hour_auc": {
              "0-5": 0.9210216346153846,
              "18-23": 0.8167269318972643
            }
          }
        },
        "1": {
          "final": {
            "macro_auc": 0.9429322218399157,
            "rare_auc": NaN,
            "frequent_auc": 0.9348714709224044,
            "per_site_auc": {
              "S18": 0.6543209876543209,
              "S22": 0.9473870527538067
            },
            "site_auc_std": 0.14653303254974293,
            "per_hour_auc": {
              "0-5": NaN,
              "18-23": 0.9508640722973924
            },
            "first_pass_auc": 0.9334779038069204
          },
          "first_pass": {
            "macro_auc": 0.9334779038069204,
            "rare_auc": NaN,
            "frequent_auc": 0.9232437351618312,
            "per_site_auc": {
              "S18": 0.6666666666666666,
              "S22": 0.9370357359770476
            },
            "site_auc_std": 0.13518453465519048,
            "per_hour_auc": {
              "0-5": NaN,
              "18-23": 0.9516845771404223
            }
          }
        },
        "2": {
          "final": {
            "macro_auc": 0.8031857980816263,
            "rare_auc": NaN,
            "frequent_auc": 0.7655787831022938,
            "per_site_auc": {
              "S19": 0.5829490696660319,
              "S22": 0.9075907556025756
            },
            "site_auc_std": 0.16232084296827187,
            "per_hour_auc": {
              "0-5": 0.9012064350137595,
              "18-23": 0.7420816724660738
            },
            "first_pass_auc": 0.7968065952324382
          },
          "first_pass": {
            "macro_auc": 0.7968065952324382,
            "rare_auc": NaN,
            "frequent_auc": 0.7581209575514777,
            "per_site_auc": {
              "S19": 0.5654121925038686,
              "S22": 0.8959927982860834
            },
            "site_auc_std": 0.16529030289110735,
            "per_hour_auc": {
              "0-5": 0.8903006407318379,
              "18-23": 0.7374986816264995
            }
          }
        },
        "3": {
          "final": {
            "macro_auc": 0.9061453444580492,
            "rare_auc": NaN,
            "frequent_auc": 0.8886889745600536,
            "per_site_auc": {
              "S13": NaN,
              "S22": 0.8819096572333699,
              "S23": NaN
            },
            "site_auc_std": 0.0,
            "per_hour_auc": {
              "0-5": 0.829304963952976,
              "18-23": NaN
            },
            "first_pass_auc": 0.8747378050415353
          },
          "first_pass": {
            "macro_auc": 0.8747378050415353,
            "rare_auc": NaN,
            "frequent_auc": 0.8556643600496698,
            "per_site_auc": {
              "S13": NaN,
              "S22": 0.8511445403301212,
              "S23": NaN
            },
            "site_auc_std": 0.0,
            "per_hour_auc": {
              "0-5": 0.8252671056551776,
              "18-23": NaN
            }
          }
        },
        "4": {
          "final": {
            "macro_auc": 0.7455331632212719,
            "rare_auc": NaN,
            "frequent_auc": 0.7350987444366749,
            "per_site_auc": {
              "S03": 0.9045454545454545,
              "S08": NaN,
              "S15": NaN,
              "S22": NaN
            },
            "site_auc_std": 0.0,
            "per_hour_auc": {
              "0-5": NaN,
              "18-23": 0.7849903981745598,
              "6-11": 0.7000114319454428
            },
            "first_pass_auc": 0.746238730779136
          },
          "first_pass": {
            "macro_auc": 0.746238730779136,
            "rare_auc": NaN,
            "frequent_auc": 0.7308553440081194,
            "per_site_auc": {
              "S03": 0.95,
              "S08": NaN,
              "S15": NaN,
              "S22": NaN
            },
            "site_auc_std": 0.0,
            "per_hour_auc": {
              "0-5": NaN,
              "18-23": 0.785119064654012,
              "6-11": 0.7152109366822562
            }
          }
        }
      },
      "v_anchor": {
        "macro_auc": 0.8316022039129266,
        "rare_auc": NaN,
        "frequent_auc": 0.8417647600327716,
        "per_site_auc": {
          "S03": NaN,
          "S08": 0.7998030629990965,
          "S13": NaN,
          "S15": NaN,
          "S19": NaN,
          "S22": 0.8977636353020938,
          "S23": NaN
        },
        "site_auc_std": 0.04898028615149863,
        "per_hour_auc": {
          "0-5": 0.7868280056642697,
          "18-23": 0.8874248310512103,
          "6-11": 0.8480979081799067
        },
        "first_pass_auc": 0.8208651659106088
      },
      "global_first_pass": {
        "macro_auc": 0.8887629619356493,
        "rare_auc": NaN,
        "frequent_auc": 0.8843759963281768,
        "per_site_auc": {
          "S03": 0.95,
          "S08": NaN,
          "S13": NaN,
          "S15": NaN,
          "S18": 0.6666666666666666,
          "S19": 0.5654121925038686,
          "S22": 0.8977612072581502,
          "S23": NaN
        },
        "site_auc_std": 0.1591044220309614,
        "per_hour_auc": {
          "0-5": 0.8990518264398665,
          "18-23": 0.8575725220875873,
          "6-11": 0.7152109366822562
        }
      },