{
  "final": {
    "fold_val": {
      "macro_auc": 0.4748214512948805,
      "site_auc_std": 0.0,
      "rare_auc": NaN,
      "frequent_auc": NaN,
      "n_files": 12,
      "n_windows": 144
    }
  },
  "best_primary": 0.4748214512948805,
  "runtime_min": 0.876923934618632
}